timestamp,open,high,low,close,volume,trade_count,vwap
2021-04-16 04:00:00,134.3,134.67,133.28,134.16,84805117.0,540343.0,134.026887
2021-04-19 04:00:00,133.51,135.47,133.34,134.84,94957774.0,625259.0,134.568217
2021-04-20 04:00:00,135.06,135.53,131.81,133.11,95538041.0,744676.0,133.453993
2021-04-21 04:00:00,132.36,133.75,131.3001,133.5,69552331.0,508236.0,132.851333
2021-04-22 04:00:00,133.04,134.15,131.41,131.94,89780577.0,615674.0,132.754191
2021-04-23 04:00:00,132.16,135.12,132.16,134.32,84888565.0,518560.0,134.168525
2021-04-26 04:00:00,134.83,135.06,133.56,134.72,73315093.0,484074.0,134.556942
2021-04-27 04:00:00,135.01,135.41,134.11,134.39,70356442.0,480005.0,134.575486
2021-04-28 04:00:00,134.31,135.02,133.08,133.58,111769456.0,783356.0,133.991098
2021-04-29 04:00:00,136.47,137.07,132.45,133.48,157181673.0,1059393.0,134.133181
2021-04-30 04:00:00,131.78,133.56,131.065,131.46,118162269.0,699638.0,132.14479
2021-05-03 04:00:00,132.04,134.07,131.83,132.54,79773508.0,580644.0,132.80879
2021-05-04 04:00:00,131.19,131.4899,126.7,127.85,146034858.0,1182708.0,127.88114
2021-05-05 04:00:00,129.2,130.45,127.97,128.1,88488165.0,659287.0,129.208074
2021-05-06 04:00:00,127.89,129.75,127.13,129.74,78807021.0,607092.0,128.612168
2021-05-07 04:00:00,130.85,131.2582,129.475,130.21,85342759.0,544537.0,130.416603
2021-05-10 04:00:00,129.41,129.54,126.81,126.85,88933496.0,680684.0,127.851824
2021-05-11 04:00:00,123.5,126.27,122.77,125.91,133807591.0,922251.0,124.745601
2021-05-12 04:00:00,123.4,124.64,122.25,122.77,113210244.0,876771.0,123.05406
2021-05-13 04:00:00,124.58,126.15,124.26,124.97,107081045.0,788609.0,125.230776
2021-05-14 04:00:00,126.25,127.89,125.85,127.45,90601277.0,534534.0,127.000168
2021-05-17 04:00:00,126.82,126.93,125.17,126.27,80528553.0,502355.0,125.920112
2021-05-18 04:00:00,126.56,126.99,124.78,124.85,69129296.0,493596.0,125.914213
2021-05-19 04:00:00,123.16,124.915,122.86,124.69,100433484.0,674478.0,124.040553
2021-05-20 04:00:00,125.23,127.72,125.1,127.31,83448984.0,494883.0,126.855884
2021-05-21 04:00:00,127.82,128.0,125.21,125.43,86829353.0,526777.0,126.164474
2021-05-24 04:00:00,126.01,127.94,125.94,127.1,69927211.0,442167.0,127.254225
2021-05-25 04:00:00,127.82,128.32,126.32,126.9,77303825.0,462970.0,127.076136
2021-05-26 04:00:00,126.955,127.39,126.42,126.85,61288510.0,415359.0,126.861309
2021-05-27 04:00:00,126.44,127.64,125.08,125.28,116578783.0,545649.0,125.972313
2021-05-28 04:00:00,125.57,125.8,124.55,124.61,78072288.0,526780.0,125.022216
2021-06-01 04:00:00,125.08,125.35,123.94,124.28,72144570.0,501241.0,124.597136
2021-06-02 04:00:00,124.28,125.24,124.05,125.06,63368854.0,461507.0,124.779382
2021-06-03 04:00:00,124.68,124.85,123.13,123.54,81403526.0,562301.0,123.772749
2021-06-04 04:00:00,124.07,126.16,123.85,125.89,81427937.0,466811.0,125.400653
2021-06-07 04:00:00,126.17,126.32,124.8321,125.9,76175714.0,504399.0,125.392774
2021-06-08 04:00:00,126.6,128.46,126.2101,126.74,79189096.0,532136.0,127.061065
2021-06-09 04:00:00,127.21,127.75,126.52,127.13,64315610.0,382699.0,127.084336
2021-06-10 04:00:00,127.02,128.19,125.94,126.11,76816859.0,498433.0,126.621335
2021-06-11 04:00:00,126.53,127.44,126.1,127.35,58688119.0,353242.0,127.046805
2021-06-14 04:00:00,127.82,130.54,127.07,130.48,110988351.0,563599.0,129.684863
2021-06-15 04:00:00,129.945,130.6,129.39,129.64,68883859.0,416234.0,129.820646
2021-06-16 04:00:00,130.37,130.89,128.461,130.15,100286328.0,619033.0,130.019984
2021-06-17 04:00:00,129.8,132.55,129.65,131.79,107585192.0,652029.0,131.591602
2021-06-18 04:00:00,130.71,131.51,130.24,130.46,136408062.0,556290.0,130.748893
2021-06-21 04:00:00,130.3,132.41,129.21,132.3,90375931.0,506666.0,131.560342
2021-06-22 04:00:00,132.13,134.08,131.62,133.98,84509149.0,481088.0,133.175136
2021-06-23 04:00:00,133.77,134.32,133.23,133.7,64616230.0,424775.0,133.77917
2021-06-24 04:00:00,134.45,134.64,132.93,133.41,75815074.0,443495.0,133.746251
2021-06-25 04:00:00,133.46,133.89,132.81,133.11,88371762.0,357994.0,133.212392
2021-06-28 04:00:00,133.41,135.245,133.35,134.78,68112075.0,454436.0,134.806148
2021-06-29 04:00:00,134.8,136.49,134.35,136.33,68372177.0,442550.0,135.923559
2021-06-30 04:00:00,136.17,137.41,135.87,136.96,71377665.0,419359.0,136.830539
2021-07-01 04:00:00,136.6,137.33,135.76,137.27,56342229.0,388280.0,136.690074
2021-07-02 04:00:00,137.9,140.0,137.745,139.96,84970248.0,520664.0,139.252916
2021-07-06 04:00:00,140.07,143.15,140.07,142.02,114619239.0,733659.0,141.736139
2021-07-07 04:00:00,143.535,144.89,142.66,144.57,111746230.0,732819.0,144.037156
2021-07-08 04:00:00,141.58,144.06,140.665,143.24,112773322.0,772472.0,142.58733
2021-07-09 04:00:00,142.74,145.65,142.6522,145.11,106619809.0,634716.0,144.807885
2021-07-12 04:00:00,146.21,146.32,144.0,144.5,83066841.0,516639.0,144.778399
2021-07-13 04:00:00,144.03,147.46,143.63,145.64,104907532.0,697219.0,146.074127
2021-07-14 04:00:00,148.1,149.57,147.68,149.15,133484459.0,797736.0,148.829434
2021-07-15 04:00:00,149.24,150.0,147.09,148.48,112350124.0,698337.0,148.436588
2021-07-16 04:00:00,148.46,149.76,145.88,146.39,99273558.0,611573.0,147.641637
2021-07-19 04:00:00,143.75,144.07,141.67,142.45,128811485.0,939628.0,142.571449
2021-07-20 04:00:00,143.46,147.0997,142.96,146.15,105145185.0,614259.0,145.59669
2021-07-21 04:00:00,145.53,146.13,144.63,145.4,80366794.0,473583.0,145.358474
2021-07-22 04:00:00,145.935,148.195,145.81,146.8,81182010.0,480214.0,146.981189
2021-07-23 04:00:00,147.55,148.7177,146.92,148.56,75925274.0,456343.0,148.060665
2021-07-26 04:00:00,148.27,149.83,147.7,148.99,79498730.0,489116.0,149.10307
2021-07-27 04:00:00,149.12,149.21,145.55,146.77,111483119.0,785631.0,146.948372
2021-07-28 04:00:00,144.81,146.97,142.54,144.98,122965718.0,829466.0,144.891816
2021-07-29 04:00:00,144.685,146.55,144.58,145.64,60694970.0,416128.0,145.814255
2021-07-30 04:00:00,144.38,146.33,144.11,145.86,77054702.0,465646.0,145.419741
2021-08-02 04:00:00,146.36,146.95,145.25,145.52,65875193.0,458365.0,145.865854
2021-08-03 04:00:00,145.81,148.045,145.18,147.36,68792157.0,462821.0,146.773594
2021-08-04 04:00:00,147.27,147.79,146.28,146.95,60997440.0,402504.0,147.036199
2021-08-05 04:00:00,146.98,147.84,146.17,147.06,49379114.0,356222.0,147.105684
2021-08-06 04:00:00,146.35,147.11,145.63,146.14,59280265.0,373647.0,146.210543
2021-08-09 04:00:00,146.2,146.7,145.52,146.09,52679515.0,352476.0,146.115225
2021-08-10 04:00:00,146.44,147.71,145.3,145.6,76706864.0,431283.0,146.099667
2021-08-11 04:00:00,146.05,146.72,145.53,145.86,51503841.0,365452.0,146.017177
2021-08-12 04:00:00,146.19,149.05,145.84,148.89,79314067.0,514673.0,148.032582
2021-08-13 04:00:00,148.97,149.4444,148.27,149.1,62684839.0,407372.0,148.928605
2021-08-16 04:00:00,148.535,151.19,146.47,151.12,108408089.0,704854.0,149.405402
2021-08-17 04:00:00,150.23,151.68,149.09,150.19,97169154.0,624242.0,150.237847
2021-08-18 04:00:00,149.8,150.72,146.15,146.36,91837037.0,647603.0,148.230513
2021-08-19 04:00:00,145.03,148.0,144.5,146.7,91195765.0,639431.0,146.463207
2021-08-20 04:00:00,147.44,148.5,146.78,148.19,66952609.0,412832.0,147.839
2021-08-23 04:00:00,148.31,150.19,147.89,149.71,64886166.0,428952.0,149.485426
2021-08-24 04:00:00,149.45,150.86,149.15,149.62,51333221.0,370059.0,149.8944
2021-08-25 04:00:00,149.81,150.32,147.8,148.36,63460356.0,460869.0,148.580645
2021-08-26 04:00:00,148.35,149.12,147.51,147.54,51813743.0,382723.0,148.087476
2021-08-27 04:00:00,147.48,148.75,146.83,148.6,61524446.0,404655.0,148.153629
2021-08-30 04:00:00,149.0,153.49,148.61,153.12,95242745.0,659673.0,152.162551
2021-08-31 04:00:00,152.66,152.8,151.29,151.83,99800695.0,534520.0,152.000985
2021-09-01 04:00:00,152.83,154.98,152.34,152.51,85467867.0,593513.0,153.721613
2021-09-02 04:00:00,153.87,154.72,152.4,153.65,76171528.0,519977.0,153.613989
2021-09-03 04:00:00,153.76,154.63,153.09,154.3,61945980.0,431138.0,154.034857
2021-09-07 04:00:00,154.97,157.26,154.39,156.69,87089441.0,615177.0,156.212697
2021-09-08 04:00:00,156.98,157.04,153.975,155.11,78745932.0,598141.0,155.10992
2021-09-09 04:00:00,155.49,156.11,153.95,154.07,60749773.0,469369.0,154.836338
2021-09-10 04:00:00,155.0,155.48,148.7,148.97,145633564.0,1163855.0,150.94971
2021-09-13 04:00:00,150.63,151.42,148.75,149.55,108978559.0,738875.0,149.700403
2021-09-14 04:00:00,150.35,151.07,146.91,148.12,116555193.0,785069.0,148.79887
2021-09-15 04:00:00,148.56,149.44,146.37,149.03,90480232.0,619449.0,148.065286
2021-09-16 04:00:00,148.44,148.97,147.221,148.79,73991494.0,501852.0,148.1889
2021-09-17 04:00:00,148.82,148.82,145.76,146.06,157363379.0,711079.0,146.83
2021-09-20 04:00:00,143.8,144.84,141.27,142.94,132862932.0,1022149.0,142.748299
2021-09-21 04:00:00,143.93,144.6,142.78,143.43,80978520.0,578045.0,143.725325
2021-09-22 04:00:00,144.45,146.43,143.7001,145.85,83396381.0,548485.0,145.441745
2021-09-23 04:00:00,146.65,147.08,145.64,146.83,69827190.0,472245.0,146.693184
2021-09-24 04:00:00,145.66,147.4701,145.56,146.92,57892722.0,399609.0,146.526196
2021-09-27 04:00:00,145.47,145.96,143.82,145.37,81180642.0,529656.0,145.114548
2021-09-28 04:00:00,143.25,144.75,141.69,141.91,122884569.0,823809.0,142.577491
2021-09-29 04:00:00,142.47,144.45,142.03,142.83,79882926.0,528986.0,143.375296
2021-09-30 04:00:00,143.66,144.378,141.28,141.5,97495265.0,643356.0,142.332124
2021-10-01 04:00:00,141.9,142.92,139.1101,142.65,102369995.0,729395.0,141.193086
2021-10-04 04:00:00,141.76,142.21,138.27,139.14,107234871.0,828323.0,139.268897
2021-10-05 04:00:00,139.49,142.24,139.36,141.11,87278742.0,562859.0,141.003569
2021-10-06 04:00:00,139.47,142.15,138.37,142.0,88503163.0,610966.0,140.455076
2021-10-07 04:00:00,143.06,144.215,142.72,143.29,66148653.0,450798.0,143.645324
2021-10-08 04:00:00,144.03,144.1781,142.56,142.9,64052249.0,412281.0,143.157656
2021-10-11 04:00:00,142.27,144.81,141.81,142.81,70311992.0,399223.0,143.566109
2021-10-12 04:00:00,143.23,143.25,141.0401,141.51,80765444.0,526044.0,141.92086
2021-10-13 04:00:00,141.235,141.4,139.2,140.91,86222197.0,600894.0,140.328511
2021-10-14 04:00:00,142.11,143.88,141.51,143.76,76265709.0,447190.0,143.22585
2021-10-15 04:00:00,143.77,144.895,143.51,144.84,76128380.0,428897.0,144.348646
2021-10-18 04:00:00,143.445,146.84,143.16,146.55,93988578.0,544222.0,145.451515
2021-10-19 04:00:00,147.01,149.17,146.55,148.76,80273103.0,532887.0,148.333314
2021-10-20 04:00:00,148.7,149.7539,148.12,149.26,62144859.0,437980.0,149.099693
2021-10-21 04:00:00,148.81,149.64,147.87,149.48,65021325.0,418125.0,149.048329
2021-10-22 04:00:00,149.69,150.18,148.64,148.69,62350286.0,437024.0,149.277113
2021-10-25 04:00:00,148.68,149.37,147.6211,148.64,55246619.0,425025.0,148.517742
2021-10-26 04:00:00,149.33,150.84,149.0101,149.32,65096132.0,459698.0,149.594599
2021-10-27 04:00:00,149.36,149.73,148.49,148.85,63423785.0,407596.0,149.10302
2021-10-28 04:00:00,149.82,153.165,149.72,152.57,107431920.0,749711.0,152.24444
2021-10-29 04:00:00,147.215,149.94,146.4128,149.8,134048773.0,862476.0,148.361033
2021-11-01 04:00:00,148.985,149.7,147.8,148.96,81970123.0,529668.0,148.737303
2021-11-02 04:00:00,148.66,151.57,148.65,150.02,74553598.0,517397.0,150.341278
2021-11-03 04:00:00,150.39,151.97,149.82,151.49,61259570.0,399119.0,150.965915
2021-11-04 04:00:00,151.58,152.43,150.64,150.96,68779002.0,458005.0,151.348269
2021-11-05 04:00:00,151.89,152.2,150.06,151.28,73859033.0,423705.0,151.128097
2021-11-08 05:00:00,151.41,151.57,150.16,150.44,59097917.0,416759.0,150.828094
2021-11-09 05:00:00,150.2,151.428,150.0601,150.81,63603083.0,455010.0,150.80264
2021-11-10 05:00:00,150.02,150.13,147.85,147.92,71709504.0,544307.0,148.560536
2021-11-11 05:00:00,148.96,149.43,147.681,147.87,45185257.0,338587.0,148.162233
2021-11-12 05:00:00,148.43,150.4,147.48,149.99,68760172.0,403690.0,149.365981
2021-11-15 05:00:00,150.37,151.88,149.43,150.0,65550348.0,422063.0,150.291559
2021-11-16 05:00:00,149.94,151.488,149.34,151.0,66930120.0,388992.0,150.731503
2021-11-17 05:00:00,150.995,155.0,150.99,153.49,94580869.0,625978.0,153.528866
2021-11-18 05:00:00,153.71,158.67,153.05,157.87,147157866.0,865067.0,156.69162
2021-11-19 05:00:00,157.65,161.02,156.5328,160.55,125740737.0,815597.0,159.554678
2021-11-22 05:00:00,161.68,165.7,161.0,161.02,123251286.0,890339.0,163.617929
2021-11-23 05:00:00,161.12,161.8,159.0601,161.41,102409571.0,712380.0,160.395676
2021-11-24 05:00:00,160.75,162.14,159.64,161.94,73246402.0,505246.0,161.122022
2021-11-26 05:00:00,159.565,160.45,156.36,156.81,84436757.0,666772.0,157.770846
2021-11-29 05:00:00,159.37,161.19,158.7901,160.24,96719742.0,663954.0,160.123889
2021-11-30 05:00:00,159.985,165.52,159.92,165.3,195855642.0,1139630.0,163.883246
2021-12-01 05:00:00,167.48,170.3,164.53,164.77,159673210.0,1191155.0,167.705792
2021-12-02 05:00:00,158.735,164.2,157.8,163.76,146467308.0,1163159.0,161.970506
2021-12-03 05:00:00,164.02,164.96,159.72,161.84,128515972.0,949914.0,161.815164
2021-12-06 05:00:00,164.29,167.8799,164.28,165.32,119733556.0,840682.0,165.81228
2021-12-07 05:00:00,169.08,171.58,168.34,171.18,130195598.0,834825.0,170.57342
2021-12-08 05:00:00,172.125,175.96,170.7,175.08,124936327.0,871408.0,174.078002
2021-12-09 05:00:00,174.91,176.75,173.92,174.56,117745264.0,786135.0,175.244607
2021-12-10 05:00:00,175.205,179.63,174.69,179.45,123831479.0,853665.0,177.394763
2021-12-13 05:00:00,181.115,182.13,175.53,175.74,163487839.0,1148453.0,178.483374
2021-12-14 05:00:00,175.25,177.74,172.21,174.33,152677047.0,985608.0,174.374388
2021-12-15 05:00:00,175.11,179.5,172.3108,179.3,140881038.0,937057.0,176.186069
2021-12-16 05:00:00,179.28,181.14,170.75,172.26,160390140.0,1202740.0,174.247039
2021-12-17 05:00:00,169.93,173.47,169.69,171.14,251869214.0,993776.0,171.183842
2021-12-20 05:00:00,168.28,170.58,167.46,169.75,115492992.0,816122.0,169.280615
2021-12-21 05:00:00,171.55,173.2,169.12,172.99,97588280.0,651092.0,171.46075
2021-12-22 05:00:00,173.04,175.86,172.15,175.64,98498276.0,643561.0,174.303365
2021-12-23 05:00:00,175.85,176.8499,175.27,176.28,73416739.0,502550.0,176.155368
2021-12-27 05:00:00,177.085,180.42,177.07,180.33,80302069.0,630113.0,179.117121
2021-12-28 05:00:00,180.16,181.33,178.53,179.29,83078270.0,631773.0,179.690104
2021-12-29 05:00:00,179.33,180.63,178.14,179.38,66315539.0,491795.0,179.458469
2021-12-30 05:00:00,179.47,180.57,178.09,178.2,62427102.0,498666.0,179.33699
2021-12-31 05:00:00,178.085,179.23,177.26,177.57,70855810.0,450769.0,177.796595
2022-01-03 05:00:00,177.83,182.88,177.71,182.01,112486091.0,772699.0,181.395005
2022-01-04 05:00:00,182.64,182.94,179.12,179.7,106090378.0,831898.0,180.596889
2022-01-05 05:00:00,179.61,180.17,174.64,174.92,95142198.0,848518.0,177.382297
2022-01-06 05:00:00,172.7,175.3,171.64,172.0,103899632.0,960344.0,173.031383
2022-01-07 05:00:00,172.89,174.14,171.03,172.17,94554334.0,715419.0,172.441994
2022-01-10 05:00:00,169.08,172.5,168.17,172.19,117005143.0,956342.0,170.377075
2022-01-11 05:00:00,172.32,175.18,170.82,175.08,82100070.0,649657.0,173.729019
2022-01-12 05:00:00,176.12,177.18,174.82,175.53,79502421.0,642760.0,175.828866
2022-01-13 05:00:00,175.79,176.62,171.79,172.19,92057866.0,692346.0,173.88312
2022-01-14 05:00:00,171.34,173.78,171.09,173.07,87780214.0,671723.0,172.42478
2022-01-18 05:00:00,171.51,172.54,169.405,169.8,102183802.0,780905.0,170.473157
2022-01-19 05:00:00,170.0,171.08,165.94,166.23,101688620.0,824027.0,168.242068
2022-01-20 05:00:00,166.98,169.68,164.18,164.51,96630645.0,795590.0,167.076081
2022-01-21 05:00:00,164.415,166.33,162.3,162.41,135494794.0,1076049.0,163.800338
2022-01-24 05:00:00,160.02,162.3,154.7,161.62,175317276.0,1632715.0,158.812862
2022-01-25 05:00:00,158.98,162.76,157.02,159.78,125389277.0,1008312.0,159.447431
2022-01-26 05:00:00,163.5,164.3894,157.82,159.69,116338085.0,1017760.0,161.322874
2022-01-27 05:00:00,162.45,163.84,158.28,159.22,127009128.0,1161009.0,160.793194
2022-01-28 05:00:00,165.71,170.35,162.8,170.33,189144340.0,1515438.0,167.502693
2022-01-31 05:00:00,170.16,175.0,169.51,174.78,129780591.0,933488.0,173.376573
2022-02-01 05:00:00,174.01,174.84,172.31,174.61,93258667.0,735253.0,173.700733
2022-02-02 05:00:00,174.745,175.88,173.33,175.84,91306986.0,676311.0,174.974152
2022-02-03 05:00:00,174.48,176.2399,172.12,172.9,101382628.0,724841.0,174.210369
2022-02-04 05:00:00,171.68,174.1,170.68,172.39,88456689.0,702279.0,172.356275
2022-02-07 05:00:00,172.86,173.9458,170.95,171.66,83181695.0,571413.0,172.42476
2022-02-08 05:00:00,171.73,175.35,171.43,174.83,80979959.0,634270.0,173.920662
2022-02-09 05:00:00,176.05,176.65,174.9,176.28,78287149.0,574000.0,175.843618
2022-02-10 05:00:00,174.14,175.48,171.55,172.12,99694816.0,761966.0,173.456248
2022-02-11 05:00:00,172.33,173.08,168.04,168.64,106268657.0,813527.0,170.167372
2022-02-14 05:00:00,167.37,169.58,166.56,168.88,98885501.0,757494.0,168.465589
2022-02-15 05:00:00,170.97,172.95,170.25,172.79,71066887.0,562857.0,171.738737
2022-02-16 05:00:00,171.85,173.34,170.05,172.55,66147855.0,543039.0,171.690439
2022-02-17 05:00:00,171.03,171.91,168.47,168.88,78321659.0,584120.0,169.998169
2022-02-18 05:00:00,169.82,170.5413,166.19,167.3,92631965.0,685816.0,167.861744
2022-02-22 05:00:00,164.98,166.69,162.15,164.32,98811382.0,897221.0,164.504099
2022-02-23 05:00:00,165.54,166.15,159.75,160.24,98884474.0,820316.0,162.031387
2022-02-24 05:00:00,152.58,162.85,152.0,162.51,155570846.0,1383832.0,158.351326
2022-02-25 05:00:00,163.84,165.12,160.8738,164.85,97758401.0,810830.0,163.834653
2022-02-28 05:00:00,163.06,165.42,162.43,165.12,108908921.0,791490.0,164.358295
2022-03-01 05:00:00,164.695,166.6,161.97,163.2,90604732.0,749658.0,164.104707
2022-03-02 05:00:00,164.39,167.36,162.95,166.56,88692844.0,668264.0,165.912587
2022-03-03 05:00:00,168.47,168.91,165.55,166.23,82418843.0,651766.0,166.903132
2022-03-04 05:00:00,164.49,165.55,162.1,163.17,91169381.0,742704.0,163.361005
2022-03-07 05:00:00,163.36,165.02,159.04,159.3,107385155.0,847060.0,161.243957
2022-03-08 05:00:00,158.82,162.88,155.8,157.44,140524583.0,1139156.0,158.714863
2022-03-09 05:00:00,161.475,163.41,159.41,162.95,100505467.0,733689.0,162.056181
2022-03-10 05:00:00,160.2,160.39,155.98,158.52,114471979.0,882864.0,158.023691
2022-03-11 05:00:00,158.93,159.28,154.5,154.73,105127762.0,877964.0,156.005897
2022-03-14 04:00:00,151.45,154.12,150.1,150.62,118311989.0,969361.0,151.599708
2022-03-15 04:00:00,150.9,155.57,150.38,155.09,104410428.0,719960.0,153.651002
2022-03-16 04:00:00,157.05,160.0,154.46,159.59,112719986.0,833070.0,157.815188
2022-03-17 04:00:00,158.61,161.0,157.63,160.62,85152570.0,629006.0,159.556232
2022-03-18 04:00:00,160.51,164.48,159.76,163.98,159428842.0,712906.0,162.649277
2022-03-21 04:00:00,163.51,166.35,163.015,165.38,105787821.0,721127.0,164.768948
2022-03-22 04:00:00,165.51,169.42,164.91,168.82,89161727.0,638945.0,168.283146
2022-03-23 04:00:00,167.99,172.64,167.65,170.21,106073373.0,784483.0,170.75147
2022-03-24 04:00:00,171.06,174.14,170.21,174.07,97014668.0,688104.0,172.383085
2022-03-25 04:00:00,173.88,175.28,172.75,174.72,85692924.0,662446.0,174.06026
2022-03-28 04:00:00,172.17,175.73,172.0,175.6,97532618.0,716110.0,174.453714
2022-03-29 04:00:00,176.69,179.01,176.34,178.96,109295753.0,775948.0,177.910355
2022-03-30 04:00:00,178.55,179.61,176.7,177.77,100735340.0,695867.0,178.11428
2022-03-31 04:00:00,177.84,178.03,174.4,174.61,120024146.0,716274.0,175.739028
2022-04-01 04:00:00,174.03,174.88,171.94,174.31,85355694.0,660449.0,173.430856
2022-04-04 04:00:00,174.57,178.49,174.44,178.44,82875862.0,630376.0,177.539611
2022-04-05 04:00:00,177.5,178.3,174.415,175.06,79568643.0,621543.0,175.935269
2022-04-06 04:00:00,172.36,173.63,170.13,171.83,90320928.0,769486.0,171.7809
2022-04-07 04:00:00,171.16,173.36,169.85,172.14,78193123.0,628353.0,171.774281
2022-04-08 04:00:00,171.78,171.78,169.2,170.09,82763655.0,613778.0,170.479905
2022-04-11 04:00:00,168.71,169.03,165.5,165.75,73137070.0,677211.0,166.706697
2022-04-12 04:00:00,168.02,169.87,166.64,167.66,83662778.0,678463.0,168.098686
2022-04-13 04:00:00,167.39,171.04,166.77,170.4,76146104.0,558074.0,169.73597
2022-04-14 04:00:00,170.62,171.27,165.04,165.29,84603285.0,596851.0,167.188756
2022-04-18 04:00:00,163.92,166.5984,163.57,165.07,74493604.0,576793.0,164.919124
2022-04-19 04:00:00,165.02,167.82,163.91,167.4,75240221.0,548308.0,166.621859
2022-04-20 04:00:00,168.76,168.88,166.1,167.23,73954306.0,595065.0,167.334157
2022-04-21 04:00:00,168.91,171.53,165.91,166.42,93153701.0,752019.0,168.70561
2022-04-22 04:00:00,166.46,167.8699,161.5,161.79,93535037.0,726743.0,164.004905
2022-04-25 04:00:00,161.12,163.17,158.46,162.88,103208936.0,925127.0,160.828588
2022-04-26 04:00:00,162.25,162.34,156.72,156.8,103931474.0,899968.0,158.487464
2022-04-27 04:00:00,155.91,159.79,155.38,156.57,93914037.0,777862.0,157.404649
2022-04-28 04:00:00,159.25,164.515,158.93,163.64,137705209.0,1126024.0,162.138666
2022-04-29 04:00:00,161.84,166.2,157.25,157.65,145654913.0,1028956.0,160.490163
2022-05-02 04:00:00,156.71,158.23,153.27,157.96,131337354.0,1154674.0,156.131749
2022-05-03 04:00:00,158.15,160.71,156.32,159.48,93684416.0,706628.0,158.822797
2022-05-04 04:00:00,159.67,166.48,159.26,166.02,114719225.0,873684.0,162.681658
2022-05-05 04:00:00,163.85,164.08,154.95,156.77,142675572.0,1164750.0,158.002951
2022-05-06 04:00:00,156.01,159.44,154.18,157.28,123877861.0,1021039.0,157.329567
2022-05-09 04:00:00,154.925,155.83,151.49,152.06,132603947.0,1103708.0,153.028997
2022-05-10 04:00:00,155.52,156.74,152.93,154.51,124055409.0,988259.0,154.920039
2022-05-11 04:00:00,153.5,155.45,145.81,146.5,151719835.0,1310801.0,149.241372
2022-05-12 04:00:00,142.77,146.2,138.8,142.56,192047663.0,1678459.0,142.048448
2022-05-13 04:00:00,144.59,148.105,143.11,147.11,114797304.0,917656.0,146.327161
2022-05-16 04:00:00,145.55,147.5199,144.18,145.54,91824708.0,699722.0,145.767442
2022-05-17 04:00:00,148.86,149.77,146.68,149.24,79304491.0,609265.0,148.4337
2022-05-18 04:00:00,146.85,147.3601,139.9,140.82,121266806.0,982291.0,142.514652
2022-05-19 04:00:00,139.88,141.66,136.6,137.35,142802096.0,1219749.0,138.61701
2022-05-20 04:00:00,139.09,140.7,132.61,137.59,147016057.0,1130085.0,136.460687
2022-05-23 04:00:00,137.79,143.26,137.65,143.11,125077087.0,851034.0,141.529314
2022-05-24 04:00:00,140.805,141.97,137.33,140.36,109813351.0,812518.0,139.446543
2022-05-25 04:00:00,138.43,141.785,138.34,140.52,99358798.0,688318.0,140.115484
2022-05-26 04:00:00,137.39,144.34,137.14,143.78,99878236.0,670655.0,142.551195
2022-05-27 04:00:00,145.39,149.68,145.26,149.64,100950098.0,682907.0,148.383244
2022-05-31 04:00:00,149.07,150.66,146.84,148.84,121269886.0,706655.0,149.068781
2022-06-01 04:00:00,149.9,151.74,147.68,148.71,78943522.0,629253.0,149.35566
2022-06-02 04:00:00,147.83,151.27,146.86,151.21,78517901.0,574554.0,149.674572
2022-06-03 04:00:00,146.9,147.97,144.46,145.38,94319460.0,758694.0,145.711137
2022-06-06 04:00:00,147.03,148.5689,144.9,146.14,74857319.0,605201.0,146.601097
2022-06-07 04:00:00,144.345,149.0,144.1,148.71,73477251.0,527362.0,147.680455
2022-06-08 04:00:00,148.58,149.8697,147.46,147.96,58484475.0,430177.0,148.580051
2022-06-09 04:00:00,147.08,147.95,142.53,142.64,75612751.0,558180.0,145.136289
2022-06-10 04:00:00,140.28,140.76,137.06,137.13,101534275.0,822114.0,138.025088
2022-06-13 04:00:00,132.87,135.2,131.44,131.88,135261516.0,1019934.0,133.021275
2022-06-14 04:00:00,133.13,133.89,131.48,132.76,92179405.0,674983.0,132.576122
2022-06-15 04:00:00,134.29,137.34,132.16,135.43,101304819.0,733277.0,134.708482
2022-06-16 04:00:00,132.08,132.39,129.04,130.06,120184627.0,909224.0,130.415733
2022-06-17 04:00:00,130.065,133.079,129.81,131.56,168771047.0,742332.0,131.339118
2022-06-21 04:00:00,133.42,137.06,133.32,135.87,91630121.0,604549.0,135.899445
2022-06-22 04:00:00,134.79,137.76,133.91,135.35,80880070.0,530528.0,135.842923
2022-06-23 04:00:00,136.82,138.59,135.63,138.27,77932990.0,554900.0,137.322917
2022-06-24 04:00:00,139.9,141.91,139.77,141.66,110368722.0,539341.0,141.014247
2022-06-27 04:00:00,142.695,143.49,140.965,141.66,77728499.0,516177.0,142.030557
2022-06-28 04:00:00,142.13,143.422,137.325,137.44,76133876.0,546242.0,139.13926
2022-06-29 04:00:00,137.46,140.67,136.67,139.23,71179247.0,572555.0,139.280122
2022-06-30 04:00:00,137.25,138.37,133.7737,136.72,114697715.0,710708.0,136.509262
2022-07-01 04:00:00,136.04,139.04,135.66,138.93,77594243.0,557437.0,137.606168
2022-07-05 04:00:00,137.77,141.61,136.93,141.56,79904746.0,601962.0,139.849325
2022-07-06 04:00:00,141.355,144.12,141.08,142.92,78938366.0,585626.0,142.59559
2022-07-07 04:00:00,143.29,146.55,143.28,146.35,72731949.0,539963.0,145.73721
2022-07-08 04:00:00,145.265,147.55,145.0,147.04,68264699.0,518941.0,146.677205
2022-07-11 04:00:00,145.67,146.64,143.78,144.87,69704810.0,496269.0,145.134613
2022-07-12 04:00:00,145.76,148.45,145.05,145.86,84620032.0,579533.0,146.716196
2022-07-13 04:00:00,142.99,146.45,142.1201,145.49,77731553.0,559359.0,145.232912
2022-07-14 04:00:00,144.08,148.95,143.25,148.47,83018114.0,614953.0,146.704837
2022-07-15 04:00:00,149.78,150.86,148.2,150.17,86944893.0,548571.0,149.589049
2022-07-18 04:00:00,150.74,151.57,146.7,147.07,87239346.0,620452.0,148.960362
2022-07-19 04:00:00,147.92,151.23,146.91,151.0,93332247.0,576472.0,149.900387
2022-07-20 04:00:00,151.12,153.72,150.37,153.04,70872515.0,523493.0,152.663855
2022-07-21 04:00:00,154.5,155.57,151.94,155.35,70606217.0,522806.0,154.438372
2022-07-22 04:00:00,155.39,156.28,153.41,154.09,72318038.0,526060.0,154.572629
2022-07-25 04:00:00,154.01,155.04,152.28,152.95,57738116.0,487394.0,153.267556
2022-07-26 04:00:00,152.265,153.085,150.8,151.6,60764637.0,472004.0,151.66439
2022-07-27 04:00:00,152.58,157.33,152.16,156.79,89223566.0,579183.0,155.479087
2022-07-28 04:00:00,156.98,157.64,154.41,157.35,86806681.0,738633.0,156.698958
2022-07-29 04:00:00,161.24,163.63,159.5,162.51,114785404.0,771584.0,162.316353
2022-08-01 04:00:00,161.01,163.59,160.89,161.51,73670876.0,594293.0,162.101278
2022-08-02 04:00:00,160.1,162.41,159.63,160.01,63962594.0,543551.0,160.670591
2022-08-03 04:00:00,160.84,166.59,160.75,166.13,90300252.0,682784.0,165.051058
2022-08-04 04:00:00,166.005,167.19,164.43,165.81,59549979.0,525014.0,165.604192
2022-08-05 04:00:00,163.21,165.85,163.0,165.35,61905528.0,489965.0,164.791973
2022-08-08 04:00:00,166.37,167.81,164.2,164.87,63810659.0,540019.0,165.848161
2022-08-09 04:00:00,164.02,165.82,163.25,164.92,70056143.0,480556.0,164.847702
2022-08-10 04:00:00,167.68,169.34,166.9,169.24,77906820.0,559791.0,168.452001
2022-08-11 04:00:00,170.06,170.99,168.19,168.49,61943923.0,507917.0,169.351499
2022-08-12 04:00:00,169.82,172.17,169.4,172.1,75555239.0,555307.0,171.188405
2022-08-15 04:00:00,171.52,173.39,171.345,173.19,58741635.0,501627.0,172.668301
2022-08-16 04:00:00,172.78,173.71,171.6618,173.03,60575237.0,515136.0,172.732297
2022-08-17 04:00:00,172.77,176.15,172.57,174.55,84217231.0,686579.0,174.345089
2022-08-18 04:00:00,173.75,174.9,173.12,174.15,66756106.0,545657.0,174.138349
2022-08-19 04:00:00,173.03,173.74,171.3101,171.52,79638699.0,570365.0,172.224698
2022-08-22 04:00:00,169.69,169.86,167.135,167.57,76355924.0,620803.0,168.231697
2022-08-23 04:00:00,167.08,168.71,166.65,167.23,58090092.0,494688.0,167.603582
2022-08-24 04:00:00,167.32,168.11,166.245,167.53,58542963.0,476972.0,167.314592
2022-08-25 04:00:00,168.78,170.14,168.35,170.03,56573006.0,465400.0,169.416575
2022-08-26 04:00:00,170.57,171.05,163.56,163.62,90147274.0,717946.0,165.692266
2022-08-29 04:00:00,161.145,162.9,159.82,161.38,78255530.0,640595.0,161.519924
2022-08-30 04:00:00,162.13,162.56,157.72,158.91,82758508.0,644674.0,159.274595
2022-08-31 04:00:00,160.305,160.58,157.14,157.22,104165447.0,606829.0,158.30072
2022-09-01 04:00:00,156.64,158.42,154.67,157.96,79346064.0,654669.0,156.592275
2022-09-02 04:00:00,159.75,160.362,154.965,155.81,83452944.0,644431.0,157.552561
2022-09-06 04:00:00,156.47,157.09,153.69,154.53,78705759.0,687438.0,154.989143
2022-09-07 04:00:00,154.825,156.67,153.61,155.96,94015457.0,696957.0,155.348091
2022-09-08 04:00:00,154.64,156.36,152.68,154.46,91449721.0,697267.0,154.390061
2022-09-09 04:00:00,155.47,157.82,154.75,157.37,74228109.0,531339.0,156.706907
2022-09-12 04:00:00,159.59,164.26,159.3,163.43,112676884.0,801514.0,162.50199
2022-09-13 04:00:00,159.9,160.54,153.37,153.84,135428401.0,1018113.0,155.859627
2022-09-14 04:00:00,154.785,157.1,153.6106,155.31,95004894.0,716068.0,155.264624
2022-09-15 04:00:00,154.65,155.24,151.38,152.37,97514431.0,741145.0,152.97942
2022-09-16 04:00:00,151.21,151.35,148.37,150.7,218997344.0,848159.0,150.400101
2022-09-19 04:00:00,149.31,154.56,149.1,154.48,87533890.0,671958.0,152.616126
2022-09-20 04:00:00,153.4,158.08,153.08,156.9,113203270.0,792173.0,156.164792
2022-09-21 04:00:00,157.34,158.74,153.6,153.72,107498655.0,785026.0,156.237145
2022-09-22 04:00:00,152.38,154.47,150.91,152.74,92021722.0,686881.0,152.560537
2022-09-23 04:00:00,151.19,151.47,148.56,150.43,101813197.0,764986.0,150.041362
2022-09-26 04:00:00,149.66,153.7701,149.64,150.77,100616414.0,747669.0,151.487416
2022-09-27 04:00:00,152.74,154.72,149.945,151.76,91032702.0,683779.0,152.095874
2022-09-28 04:00:00,147.64,150.6414,144.84,149.84,155823686.0,1142720.0,147.7096
2022-09-29 04:00:00,146.1,146.72,140.68,142.48,137415955.0,1067283.0,142.812294
2022-09-30 04:00:00,141.28,143.1,138.0,138.2,141390692.0,941473.0,140.134941
2022-10-03 04:00:00,138.21,143.07,137.685,142.45,124534891.0,838788.0,141.273689
2022-10-04 04:00:00,145.03,146.22,144.26,146.1,96785630.0,687507.0,145.534712
2022-10-05 04:00:00,144.075,147.38,143.01,146.4,83933253.0,605865.0,145.301313
2022-10-06 04:00:00,145.81,147.54,145.22,145.43,72586982.0,538674.0,146.031211
2022-10-07 04:00:00,142.54,143.1,139.445,140.09,95901316.0,664196.0,140.689652
2022-10-10 04:00:00,140.42,141.89,138.5729,140.42,80719147.0,620865.0,140.216879
2022-10-11 04:00:00,139.9,141.35,138.22,138.98,82627051.0,608886.0,139.509074
2022-10-12 04:00:00,139.13,140.36,138.16,138.34,76229576.0,553189.0,139.041704
2022-10-13 04:00:00,134.99,143.59,134.37,142.99,121491577.0,874141.0,140.063712
2022-10-14 04:00:00,144.31,144.52,138.19,138.38,97254054.0,686282.0,139.802051
2022-10-17 04:00:00,141.065,142.9,140.27,142.41,94281241.0,634586.0,141.984497
2022-10-18 04:00:00,145.49,146.7,140.61,143.75,103909236.0,785419.0,144.045788
2022-10-19 04:00:00,141.69,144.9492,141.5,143.86,66281889.0,511351.0,143.466866
2022-10-20 04:00:00,143.02,145.89,142.65,143.39,70436249.0,517762.0,144.156597
2022-10-21 04:00:00,142.87,147.8479,142.649,147.27,97497286.0,619853.0,145.537116
2022-10-24 04:00:00,147.185,150.23,146.0,149.45,82543225.0,653022.0,148.469242
2022-10-25 04:00:00,150.09,152.49,149.36,152.34,82217447.0,581424.0,151.551227
2022-10-26 04:00:00,150.96,151.99,148.04,149.35,96231685.0,694798.0,149.973366
2022-10-27 04:00:00,148.07,149.046,144.13,144.8,116248070.0,944056.0,145.749545
2022-10-28 04:00:00,148.2,157.5,147.82,155.74,174641131.0,1225718.0,154.747206
2022-10-31 04:00:00,153.155,154.24,151.92,153.34,110376310.0,726847.0,153.269337
2022-11-01 04:00:00,155.08,155.45,149.13,150.65,85451780.0,650597.0,150.961078
2022-11-02 04:00:00,148.945,152.17,145.0,145.03,101743648.0,788402.0,148.026896
2022-11-03 04:00:00,142.06,142.8,138.75,138.88,105214797.0,871803.0,140.055413
2022-11-04 04:00:00,142.09,142.67,134.38,138.38,149550241.0,1159117.0,137.371071
2022-11-07 05:00:00,137.11,139.145,135.671,138.92,89935797.0,715008.0,137.597386
2022-11-08 05:00:00,140.41,141.43,137.49,139.5,97268373.0,637314.0,139.598643
2022-11-09 05:00:00,138.5,138.55,134.5933,134.87,84442456.0,633364.0,135.871053
2022-11-10 05:00:00,141.24,146.87,139.5,146.87,136303919.0,875050.0,144.604643
2022-11-11 05:00:00,145.82,150.01,144.37,149.7,103060509.0,740560.0,148.312448
2022-11-14 05:00:00,148.97,150.28,147.43,148.28,80885473.0,576291.0,148.697425
2022-11-15 05:00:00,152.215,153.59,148.5613,150.04,96306279.0,703671.0,151.211711
2022-11-16 05:00:00,149.13,149.87,147.29,148.79,71463063.0,472251.0,148.656205
2022-11-17 05:00:00,146.43,151.48,146.15,150.72,86649104.0,563722.0,149.715411
2022-11-18 05:00:00,152.305,152.7,149.97,151.29,84106843.0,513080.0,151.238278
2022-11-21 05:00:00,150.16,150.37,147.715,148.01,64466896.0,504781.0,148.45546
2022-11-22 05:00:00,148.13,150.42,146.925,150.18,58685320.0,405189.0,149.307632
2022-11-23 05:00:00,149.45,151.83,149.34,151.07,62774756.0,444427.0,150.826223
2022-11-25 05:00:00,148.305,148.88,147.12,148.11,38776713.0,319573.0,148.124425
2022-11-28 05:00:00,145.14,146.64,143.38,144.22,78281391.0,614361.0,144.720128
2022-11-29 05:00:00,144.29,144.81,140.355,141.17,89801206.0,713286.0,141.984894
2022-11-30 05:00:00,141.395,148.72,140.55,148.03,131183862.0,707655.0,145.43512
2022-12-01 05:00:00,148.21,149.13,146.61,148.31,78588359.0,525991.0,148.087728
2022-12-02 05:00:00,145.96,148.0,145.65,147.81,75015411.0,463525.0,146.982128
2022-12-05 05:00:00,147.77,150.9199,145.77,146.63,74981324.0,586796.0,147.586644
2022-12-06 05:00:00,147.075,147.3,141.92,142.91,72151911.0,537311.0,143.710309
2022-12-07 05:00:00,142.19,143.37,140.0,140.94,77308359.0,565399.0,141.146902
2022-12-08 05:00:00,142.36,143.52,141.1,142.65,68832111.0,456124.0,142.530981
2022-12-09 05:00:00,142.34,145.57,140.9,142.16,84840144.0,529039.0,143.191277
2022-12-12 05:00:00,142.7,144.5,141.06,144.49,78289096.0,492716.0,143.146879
2022-12-13 05:00:00,149.5,149.9692,144.24,145.47,102204603.0,706528.0,146.505145
2022-12-14 05:00:00,145.35,146.655,141.16,143.21,89974435.0,597873.0,144.135743
2022-12-15 05:00:00,141.11,141.8,136.025,136.5,110421981.0,879350.0,137.524749
2022-12-16 05:00:00,136.685,137.65,133.73,134.51,220048084.0,818493.0,134.982902
2022-12-19 05:00:00,135.11,135.2,131.32,132.37,87427188.0,705822.0,132.459651
2022-12-20 05:00:00,131.39,133.25,129.89,132.3,83636668.0,640697.0,131.866586
2022-12-21 05:00:00,132.98,136.81,132.75,135.45,95563192.0,588686.0,135.312159
2022-12-22 05:00:00,134.352,134.56,130.3,132.23,86659361.0,643298.0,131.91302
2022-12-23 05:00:00,130.92,132.415,129.64,131.86,67631560.0,539021.0,131.173262
2022-12-27 05:00:00,131.38,131.41,128.72,130.03,74304546.0,608333.0,129.943021
2022-12-28 05:00:00,129.67,131.0275,125.87,126.04,90551969.0,762248.0,127.542061
2022-12-29 05:00:00,127.99,130.4814,127.73,129.61,81821550.0,598208.0,129.519613
2022-12-30 05:00:00,128.41,129.95,127.43,129.93,85865255.0,591156.0,128.915506
2023-01-03 05:00:00,130.28,130.9,124.17,125.07,124289279.0,1021067.0,125.660032
2023-01-04 05:00:00,126.89,128.6557,125.08,126.36,95426133.0,770045.0,126.643011
2023-01-05 05:00:00,127.13,127.77,124.76,125.02,88344592.0,665463.0,126.006961
2023-01-06 05:00:00,126.01,130.29,124.89,129.62,96468673.0,709888.0,128.362627
2023-01-09 05:00:00,130.465,133.41,129.89,130.15,76653608.0,645367.0,131.545593
2023-01-10 05:00:00,130.26,131.2636,128.12,130.73,68415086.0,554942.0,129.870967
2023-01-11 05:00:00,131.25,133.51,130.46,133.49,77043246.0,561280.0,132.422077
2023-01-12 05:00:00,133.88,134.26,131.44,133.41,77698366.0,635333.0,133.178793
2023-01-13 05:00:00,132.03,134.92,131.66,134.76,63045132.0,535781.0,133.76503
2023-01-17 05:00:00,134.83,137.29,134.13,135.94,69852271.0,595834.0,135.764039
2023-01-18 05:00:00,136.815,138.61,135.03,135.21,76916867.0,578306.0,136.262015
2023-01-19 05:00:00,134.08,136.25,133.77,135.27,64511998.0,491676.0,134.998543
2023-01-20 05:00:00,135.28,138.02,134.22,137.87,95933363.0,549630.0,136.459561
2023-01-23 05:00:00,138.12,143.315,137.9,141.11,87527661.0,719290.0,141.227955
2023-01-24 05:00:00,140.305,143.16,140.3,142.53,70642466.0,498681.0,142.124333
2023-01-25 05:00:00,140.89,142.43,138.81,141.86,70336488.0,536507.0,140.779785
2023-01-26 05:00:00,143.17,144.25,141.9,143.96,59721341.0,472137.0,143.395796
2023-01-27 05:00:00,143.155,147.23,143.08,145.93,77521002.0,558426.0,145.832562
2023-01-30 05:00:00,144.955,145.55,142.85,143.0,69935435.0,551112.0,143.608922
2023-01-31 05:00:00,142.7,144.34,142.28,144.29,81087730.0,468172.0,143.76925
2023-02-01 05:00:00,143.97,146.61,141.32,145.43,84602426.0,693377.0,143.961791
2023-02-02 05:00:00,148.9,151.18,148.17,150.82,119288199.0,996204.0,149.750531
2023-02-03 05:00:00,148.03,157.38,147.83,154.5,166049247.0,1138935.0,154.392541
2023-02-06 05:00:00,152.575,153.1,150.78,151.73,75590203.0,583521.0,152.006703
2023-02-07 05:00:00,150.64,155.23,150.64,154.65,94067819.0,661769.0,153.633427
2023-02-08 05:00:00,153.88,154.58,151.168,151.92,72643990.0,524143.0,152.316766
2023-02-09 05:00:00,153.775,154.33,150.42,150.87,61868739.0,471977.0,152.184661
2023-02-10 05:00:00,149.46,151.3401,149.22,151.01,62500180.0,442055.0,150.463505
2023-02-13 05:00:00,150.952,154.26,150.92,153.85,70149328.0,506670.0,153.291138
2023-02-14 05:00:00,152.12,153.77,150.86,153.2,68556962.0,528569.0,152.606935
2023-02-15 05:00:00,153.11,155.5,152.88,155.33,70612239.0,520577.0,154.572898
2023-02-16 05:00:00,153.51,156.33,153.3475,153.71,74955617.0,516189.0,154.701103
2023-02-17 05:00:00,152.35,153.0,150.85,152.55,66293371.0,467050.0,152.104468
2023-02-21 05:00:00,150.2,151.3,148.405,148.48,68102432.0,509345.0,149.276547
2023-02-22 05:00:00,148.87,149.95,147.16,148.91,57571342.0,429778.0,148.586152
2023-02-23 05:00:00,150.09,150.34,147.24,149.4,53439807.0,425163.0,148.913715
2023-02-24 05:00:00,147.11,147.19,145.7202,146.71,62617932.0,470884.0,146.410703
2023-02-27 05:00:00,147.71,149.17,147.45,147.92,50247854.0,418071.0,148.123416
2023-02-28 05:00:00,147.05,149.08,146.83,147.41,61519861.0,383781.0,147.726764
2023-03-01 05:00:00,146.83,147.2285,145.01,145.31,62350999.0,461615.0,145.806128
2023-03-02 05:00:00,144.38,146.71,143.9,145.91,60242324.0,413240.0,145.28641
2023-03-03 05:00:00,148.045,151.11,147.33,151.03,79744478.0,556613.0,150.149082
2023-03-06 05:00:00,153.785,156.3,153.46,153.83,93957314.0,691992.0,154.654718
2023-03-07 05:00:00,153.7,154.0299,151.13,151.6,61332251.0,496634.0,152.218798
2023-03-08 05:00:00,152.81,153.47,151.83,152.87,51205963.0,405205.0,152.719809
2023-03-09 05:00:00,153.559,154.535,150.225,150.59,59821351.0,480912.0,152.295553
2023-03-10 05:00:00,150.21,150.94,147.6096,148.5,75469048.0,609814.0,149.006538
2023-03-13 04:00:00,147.805,153.14,147.7,150.47,90585023.0,760662.0,151.177098
2023-03-14 04:00:00,151.28,153.4,150.1,152.59,84532172.0,565199.0,152.165261
2023-03-15 04:00:00,151.19,153.245,149.92,152.99,85708822.0,703118.0,151.859646
2023-03-16 04:00:00,152.16,156.46,151.64,155.85,84454434.0,676100.0,154.909001
2023-03-17 04:00:00,156.08,156.74,154.28,155.0,131114857.0,614285.0,155.405289
2023-03-20 04:00:00,155.07,157.82,154.15,157.4,85439528.0,628987.0,156.729739
2023-03-21 04:00:00,157.32,159.4,156.54,159.28,87819428.0,590984.0,158.509861
2023-03-22 04:00:00,159.3,162.14,157.81,157.83,80427254.0,656869.0,159.72994
2023-03-23 04:00:00,158.83,161.5501,157.68,158.93,75089334.0,614271.0,159.485733
2023-03-24 04:00:00,158.86,160.34,157.85,160.25,65530530.0,516245.0,159.33047
2023-03-27 04:00:00,159.94,160.77,157.87,158.28,58214330.0,518438.0,158.986546
2023-03-28 04:00:00,157.97,158.49,155.98,157.65,50372968.0,432449.0,157.01827
2023-03-29 04:00:00,159.37,161.05,159.35,160.77,57532705.0,472079.0,160.273443
2023-03-30 04:00:00,161.53,162.47,161.271,162.36,53823579.0,456156.0,162.027551
2023-03-31 04:00:00,162.44,165.0,161.91,164.9,69191490.0,572350.0,163.992724
2023-04-03 04:00:00,164.27,166.29,164.22,166.17,62027954.0,568688.0,165.410449
2023-04-04 04:00:00,166.595,166.84,165.11,165.63,52036268.0,456308.0,165.895417
2023-04-05 04:00:00,164.74,165.05,161.8,163.76,56567368.0,533623.0,163.499464
2023-04-06 04:00:00,162.43,164.9584,162.0,164.66,50780869.0,446214.0,164.064618
2023-04-10 04:00:00,161.42,162.03,160.08,162.03,51829429.0,563917.0,161.299097
2023-04-11 04:00:00,162.35,162.36,160.51,160.8,51774289.0,490482.0,161.122856
2023-04-12 04:00:00,161.22,162.06,159.78,160.1,50706904.0,514262.0,160.916046
2023-04-13 04:00:00,161.63,165.8,161.42,165.56,76953623.0,595712.0,164.469322
2023-04-14 04:00:00,164.59,166.32,163.82,165.21,54918972.0,488449.0,165.061557
2023-04-17 04:00:00,165.09,165.39,164.03,165.23,45769525.0,483390.0,164.801759
2023-04-18 04:00:00,166.1,167.41,165.65,166.47,55909701.0,494602.0,166.360112
2023-04-19 04:00:00,165.8,168.16,165.54,167.63,48158687.0,473868.0,167.265178
2023-04-20 04:00:00,166.09,167.87,165.56,166.65,53020864.0,493154.0,166.794939
2023-04-21 04:00:00,165.05,166.4521,164.49,165.02,65307211.0,519453.0,165.091964
2023-04-24 04:00:00,165.0,165.6,163.89,165.33,45338131.0,459502.0,164.961709
2023-04-25 04:00:00,165.19,166.305,163.73,163.77,48714063.0,501551.0,164.646986
2023-04-26 04:00:00,163.055,165.28,162.8,163.76,50920364.0,493407.0,163.892842
2023-04-27 04:00:00,165.19,168.56,165.19,168.41,76052617.0,575984.0,167.512917
2023-04-28 04:00:00,168.49,169.85,167.8801,169.68,63093372.0,526191.0,169.044645
2023-05-01 04:00:00,169.28,170.45,168.64,169.59,56437122.0,540748.0,169.663231
2023-05-02 04:00:00,170.09,170.35,167.54,168.54,48897270.0,509756.0,168.70263
2023-05-03 04:00:00,169.5,170.92,167.16,167.45,70732642.0,610055.0,169.180843
2023-05-04 04:00:00,164.89,167.04,164.31,165.79,81791781.0,832125.0,165.708907
2023-05-05 04:00:00,170.975,174.3,170.76,173.57,114073502.0,913563.0,173.389233
2023-05-08 04:00:00,172.48,173.85,172.11,173.5,61353610.0,563142.0,173.301181
2023-05-09 04:00:00,173.05,173.54,171.6,171.77,50729673.0,456211.0,172.198383
2023-05-10 04:00:00,173.02,174.03,171.9,173.555,53724501.0,511486.0,173.187071
2023-05-11 04:00:00,173.85,174.59,172.17,173.75,50011672.0,501957.0,173.491189
2023-05-12 04:00:00,173.62,174.06,171.0,172.57,50612841.0,489401.0,172.391578
2023-05-15 04:00:00,173.16,173.21,171.47,172.07,41718475.0,444787.0,172.092171
2023-05-16 04:00:00,171.99,173.1383,171.7991,172.07,45676613.0,436167.0,172.271733
2023-05-17 04:00:00,171.71,172.925,170.4201,172.69,65903562.0,554943.0,171.956478
2023-05-18 04:00:00,173.0,175.24,172.58,175.05,66091664.0,595693.0,174.334502
2023-05-19 04:00:00,176.39,176.39,174.94,175.16,58044146.0,531634.0,175.572261
2023-05-22 04:00:00,173.98,174.71,173.45,174.2,44146775.0,526394.0,174.199398
2023-05-23 04:00:00,173.13,173.3794,171.275,171.56,56405720.0,535094.0,172.153619
2023-05-24 04:00:00,171.09,172.4183,170.52,171.84,45740665.0,492277.0,171.495997
2023-05-25 04:00:00,172.41,173.895,171.69,172.99,64475787.0,534914.0,172.915577
2023-05-26 04:00:00,173.32,175.77,173.11,175.43,62620662.0,528297.0,175.179028
2023-05-30 04:00:00,176.96,178.99,176.57,177.3,63293297.0,651322.0,177.423861
2023-05-31 04:00:00,177.325,179.35,176.76,177.25,99625288.0,669221.0,177.987684
2023-06-01 04:00:00,177.7,180.12,176.9306,180.09,76857581.0,624136.0,179.402689
2023-06-02 04:00:00,181.03,181.78,179.26,180.95,76294033.0,712123.0,180.655109
2023-06-05 04:00:00,182.63,184.951,178.035,179.58,121969015.0,1286854.0,182.199552
2023-06-06 04:00:00,179.965,180.12,177.43,179.21,64841762.0,705233.0,178.685496
2023-06-07 04:00:00,178.44,181.21,177.32,177.82,69732161.0,669100.0,178.558004
2023-06-08 04:00:00,177.895,180.84,177.46,180.57,50221611.0,548697.0,179.527467
2023-06-09 04:00:00,181.5,182.23,180.63,180.96,48890039.0,557832.0,181.456753
2023-06-12 04:00:00,181.27,183.89,180.97,183.79,54796150.0,562764.0,182.754879
2023-06-13 04:00:00,182.8,184.15,182.44,183.31,54967369.0,608362.0,183.182816
2023-06-14 04:00:00,183.37,184.39,182.02,183.95,57451443.0,614191.0,183.70125
2023-06-15 04:00:00,183.96,186.52,183.78,186.01,65417713.0,697108.0,185.576485
2023-06-16 04:00:00,186.73,186.99,184.27,184.92,101239104.0,616230.0,185.576671
2023-06-20 04:00:00,184.41,186.1,184.41,185.01,49801726.0,577559.0,185.301696
2023-06-21 04:00:00,184.9,185.41,182.5901,183.96,49505417.0,520855.0,184.08866
2023-06-22 04:00:00,183.74,187.045,183.67,187.0,51248267.0,563157.0,186.095509
2023-06-23 04:00:00,185.55,187.56,185.01,186.68,53194896.0,539709.0,186.491169
2023-06-26 04:00:00,186.83,188.05,185.23,185.27,48099269.0,584779.0,186.342879
2023-06-27 04:00:00,185.89,188.39,185.67,188.06,50745529.0,512183.0,187.471551
2023-06-28 04:00:00,187.93,189.9,187.6,189.25,51225939.0,559611.0,188.888455
2023-06-29 04:00:00,189.08,190.07,188.94,189.59,46347309.0,525368.0,189.546219
2023-06-30 04:00:00,191.63,194.48,191.26,193.97,83782058.0,760823.0,193.114617
2023-07-03 04:00:00,193.78,193.88,191.76,192.46,31357392.0,498718.0,192.638055
2023-07-05 04:00:00,191.565,192.98,190.62,191.33,46921907.0,560240.0,191.615305
2023-07-06 04:00:00,189.84,192.02,189.2,191.81,45172292.0,562929.0,190.810342
2023-07-07 04:00:00,191.41,192.67,190.24,190.68,46814999.0,538828.0,191.43102
2023-07-10 04:00:00,189.26,189.99,187.035,188.61,59925144.0,736976.0,188.338409
2023-07-11 04:00:00,189.16,189.3,186.6,188.08,46646096.0,577864.0,187.802462
2023-07-12 04:00:00,189.68,191.7,188.47,189.77,60757160.0,652270.0,189.984281
2023-07-13 04:00:00,190.5,191.19,189.78,190.54,41348909.0,468081.0,190.565107
2023-07-14 04:00:00,190.23,191.1799,189.63,190.69,41622330.0,513236.0,190.461122
2023-07-17 04:00:00,191.9,194.32,191.81,193.99,50546738.0,603051.0,193.32553
2023-07-18 04:00:00,193.35,194.33,192.415,193.73,48357948.0,544724.0,193.375703
2023-07-19 04:00:00,193.1,198.23,192.65,195.1,80534721.0,777402.0,194.986076
2023-07-20 04:00:00,195.09,196.47,192.495,193.13,59597695.0,640137.0,194.296883
2023-07-21 04:00:00,194.1,194.97,191.23,191.94,71957084.0,580363.0,192.718322
2023-07-24 04:00:00,193.41,194.91,192.25,192.75,45538581.0,526175.0,193.233712
2023-07-25 04:00:00,193.33,194.44,192.915,193.62,37339808.0,445740.0,193.799673
2023-07-26 04:00:00,193.67,195.64,193.32,194.5,47506279.0,502596.0,194.378548
2023-07-27 04:00:00,196.02,197.2,192.55,193.22,47465977.0,570678.0,194.950386
2023-07-28 04:00:00,194.67,196.626,194.14,195.83,48291445.0,519154.0,195.809443
2023-07-31 04:00:00,196.06,196.49,195.26,196.45,45241255.0,530646.0,196.200202
2023-08-01 04:00:00,196.235,196.73,195.28,195.605,35306213.0,478272.0,195.861871
2023-08-02 04:00:00,195.04,195.18,191.8507,192.58,50408072.0,620854.0,192.939066
2023-08-03 04:00:00,191.57,192.37,190.69,191.17,62366562.0,756802.0,191.573861
2023-08-04 04:00:00,185.52,187.38,181.92,181.99,115956843.0,1336767.0,184.299063
2023-08-07 04:00:00,182.13,183.13,177.35,178.85,97586944.0,1159593.0,178.896194
2023-08-08 04:00:00,179.69,180.27,177.58,179.8,67832886.0,709234.0,179.011351
2023-08-09 04:00:00,180.87,180.93,177.01,178.19,60386755.0,666321.0,178.47219
2023-08-10 04:00:00,179.48,180.75,177.6,177.97,54695861.0,653105.0,178.827828
2023-08-11 04:00:00,177.32,178.62,176.55,177.79,52036674.0,586486.0,177.792719
2023-08-14 04:00:00,177.97,179.69,177.305,179.46,43690884.0,565211.0,178.934721
2023-08-15 04:00:00,178.88,179.48,177.05,177.45,43635379.0,510238.0,177.899185
2023-08-16 04:00:00,177.13,178.54,176.5,176.57,46979752.0,526310.0,177.479546
2023-08-17 04:00:00,177.14,177.5054,173.48,174.0,66700735.0,673488.0,174.653058
2023-08-18 04:00:00,172.3,175.1,171.96,174.49,61173170.0,596487.0,173.859323
2023-08-21 04:00:00,175.07,176.13,173.735,175.84,46323343.0,559827.0,175.22285
2023-08-22 04:00:00,177.06,177.68,176.25,177.23,42091932.0,501637.0,177.011047
2023-08-23 04:00:00,178.52,181.55,178.325,181.12,52756878.0,587652.0,180.668409
2023-08-24 04:00:00,180.674,181.104,176.01,176.38,54953439.0,610587.0,177.661775
2023-08-25 04:00:00,177.38,179.15,175.82,178.61,51449596.0,554792.0,177.826636
2023-08-28 04:00:00,180.09,180.59,178.545,180.19,43823300.0,532552.0,179.618894
2023-08-29 04:00:00,179.695,184.9,179.5,184.12,53016040.0,576648.0,183.281635
2023-08-30 04:00:00,184.94,187.85,184.74,187.65,60824230.0,636605.0,186.947989
2023-08-31 04:00:00,187.84,189.12,187.48,187.87,60814675.0,555057.0,188.185056
2023-09-01 04:00:00,189.485,189.92,188.28,189.46,45766507.0,530277.0,189.025752
2023-09-05 04:00:00,188.28,189.98,187.61,189.7,45285046.0,602564.0,189.129836
2023-09-06 04:00:00,188.4,188.85,181.47,182.91,81765466.0,880369.0,183.778433
2023-09-07 04:00:00,175.18,178.21,173.54,177.56,112503695.0,1210446.0,176.693655
2023-09-08 04:00:00,178.35,180.239,177.79,178.18,65602067.0,755391.0,179.093843
2023-09-11 04:00:00,180.07,180.3,177.34,179.36,58964184.0,722658.0,178.798151
2023-09-12 04:00:00,179.49,180.13,174.82,176.3,90383654.0,937680.0,176.701341
2023-09-13 04:00:00,176.51,177.3,173.98,174.21,84277767.0,835414.0,175.029416
2023-09-14 04:00:00,174.0,176.1,173.58,175.74,60898149.0,641142.0,175.376921
2023-09-15 04:00:00,176.48,176.495,173.82,175.01,109259462.0,729795.0,175.084694
2023-09-18 04:00:00,176.48,179.38,176.17,177.97,67272034.0,731499.0,177.971078
2023-09-19 04:00:00,177.52,179.63,177.13,179.07,51831661.0,524532.0,178.410352
2023-09-20 04:00:00,179.26,179.695,175.4,175.49,58452947.0,600755.0,177.082657
2023-09-21 04:00:00,174.55,176.3,173.86,173.93,63160835.0,631737.0,174.903668
2023-09-22 04:00:00,174.67,177.079,174.05,174.79,56725387.0,606172.0,175.479785
2023-09-25 04:00:00,174.2,176.97,174.15,176.08,46178509.0,564354.0,175.674313
2023-09-26 04:00:00,174.82,175.2,171.66,171.96,64597559.0,688566.0,172.730491
2023-09-27 04:00:00,172.62,173.04,169.05,170.43,66940950.0,708087.0,170.519718
2023-09-28 04:00:00,169.34,172.03,167.62,170.69,56302471.0,618749.0,170.313489
2023-09-29 04:00:00,172.02,173.07,170.341,171.21,51886171.0,535136.0,171.602011
2023-10-02 04:00:00,171.22,174.3,170.93,173.75,52172333.0,617354.0,173.28953
2023-10-03 04:00:00,172.255,173.63,170.82,172.4,49637004.0,543146.0,172.128425
2023-10-04 04:00:00,171.09,174.21,170.97,173.66,53025614.0,561075.0,172.950579
2023-10-05 04:00:00,173.79,175.45,172.68,174.91,48532230.0,509291.0,174.243182
2023-10-06 04:00:00,173.8,177.99,173.18,177.49,57266677.0,593946.0,176.35858
2023-10-09 04:00:00,176.81,179.05,175.8,178.99,42400769.0,518390.0,177.868024
2023-10-10 04:00:00,178.1,179.72,177.95,178.39,43700093.0,525007.0,178.688787
2023-10-11 04:00:00,178.2,179.85,177.6,179.8,47555502.0,503608.0,178.920294
2023-10-12 04:00:00,180.07,182.34,179.04,180.71,56753369.0,617072.0,180.97399
2023-10-13 04:00:00,181.42,181.93,178.14,178.85,51456083.0,531443.0,179.41376
2023-10-16 04:00:00,176.75,179.075,176.51,178.72,52519230.0,632661.0,178.148359
2023-10-17 04:00:00,176.645,178.42,174.8,177.15,57553146.0,592436.0,176.85213
2023-10-18 04:00:00,175.58,177.575,175.11,175.84,54780899.0,540428.0,176.368798
2023-10-19 04:00:00,176.04,177.84,175.19,175.46,59312291.0,560468.0,176.270608
2023-10-20 04:00:00,175.31,175.42,172.64,172.88,64244029.0,600322.0,173.789788
2023-10-23 04:00:00,170.91,174.01,169.93,173.0,55986017.0,639779.0,172.365942
2023-10-24 04:00:00,173.05,173.67,171.45,173.44,43825971.0,530643.0,172.712413
2023-10-25 04:00:00,171.88,173.06,170.65,171.1,57219947.0,611287.0,171.526493
2023-10-26 04:00:00,170.37,171.3775,165.67,166.89,70660031.0,815731.0,167.582602
2023-10-27 04:00:00,166.91,168.96,166.83,168.22,58499131.0,609514.0,167.909302
2023-10-30 04:00:00,169.02,171.17,168.87,170.29,51135875.0,628371.0,170.081326
2023-10-31 04:00:00,169.35,170.9,167.9,170.77,44852482.0,510050.0,169.874357
2023-11-01 04:00:00,171.0,174.23,170.12,173.97,56951142.0,633750.0,172.611605
2023-11-02 04:00:00,175.52,177.78,175.46,177.57,77518015.0,807105.0,177.101455
2023-11-03 04:00:00,174.24,176.82,173.35,176.65,80129247.0,858040.0,175.636789
2023-11-06 05:00:00,176.38,179.43,176.21,179.23,63852730.0,678194.0,178.60948
2023-11-07 05:00:00,179.18,182.44,178.97,181.82,70539955.0,653956.0,181.315051
2023-11-08 05:00:00,182.35,183.45,181.59,182.89,49345307.0,542542.0,182.664855
2023-11-09 05:00:00,182.96,184.12,181.81,182.41,53780415.0,545850.0,182.934075
2023-11-10 05:00:00,183.97,186.565,183.53,186.4,66204156.0,610940.0,185.361502
2023-11-13 05:00:00,185.82,186.03,184.21,184.8,43631574.0,530523.0,184.822995
2023-11-14 05:00:00,187.7,188.11,186.3,187.44,60113030.0,609334.0,187.322497
2023-11-15 05:00:00,187.845,189.5,187.78,188.01,53818016.0,564663.0,188.470666
2023-11-16 05:00:00,189.57,190.96,188.65,189.71,54426521.0,621003.0,189.725074
2023-11-17 05:00:00,190.25,190.38,188.57,189.69,50941406.0,510221.0,189.599311
2023-11-20 05:00:00,189.89,191.905,189.88,191.45,46543084.0,554091.0,191.307534
2023-11-21 05:00:00,191.41,191.52,189.74,190.64,38142232.0,450941.0,190.509559
2023-11-22 05:00:00,191.49,192.93,190.825,191.31,39630374.0,463588.0,191.737678
2023-11-24 05:00:00,190.87,190.9,189.25,189.97,24048346.0,335950.0,189.776006
2023-11-27 05:00:00,189.92,190.67,188.9,189.79,40570385.0,509035.0,189.801449
2023-11-28 05:00:00,189.78,191.08,189.4,190.4,38422811.0,458379.0,190.182635
2023-11-29 05:00:00,190.9,192.09,188.97,189.37,43017537.0,493157.0,190.095824
2023-11-30 05:00:00,189.84,190.32,188.19,189.95,48804815.0,486962.0,189.32785
2023-12-01 05:00:00,190.33,191.56,189.23,191.24,45704824.0,515541.0,190.814969
2023-12-04 05:00:00,189.98,190.05,187.4511,189.43,43396215.0,587629.0,188.903443
2023-12-05 05:00:00,190.21,194.4,190.18,193.42,66654222.0,700936.0,193.201212
2023-12-06 05:00:00,194.45,194.76,192.11,192.32,41092772.0,491536.0,192.792192
2023-12-07 05:00:00,193.63,195.0,193.59,194.27,47485364.0,495114.0,194.415635
2023-12-08 05:00:00,194.2,195.99,193.67,195.71,53406358.0,538969.0,195.1631
2023-12-11 05:00:00,193.11,193.49,191.42,193.18,60952756.0,691291.0,192.690089
2023-12-12 05:00:00,193.08,194.72,191.721,194.71,52704312.0,510922.0,193.712615
2023-12-13 05:00:00,195.09,198.0,194.85,197.96,70422443.0,672723.0,196.884059
2023-12-14 05:00:00,198.02,199.62,196.16,198.11,66836850.0,691952.0,198.298267
2023-12-15 05:00:00,197.53,198.3999,197.0,197.57,128538401.0,625454.0,197.573249
2023-12-18 05:00:00,196.09,196.63,194.39,195.89,55755354.0,655820.0,195.532766
2023-12-19 05:00:00,196.16,196.95,195.89,196.94,40717190.0,451795.0,196.531773
2023-12-20 05:00:00,196.9,197.68,194.83,194.83,52247140.0,550700.0,196.221545
2023-12-21 05:00:00,196.1,197.08,193.5,194.68,46485784.0,554963.0,194.733112
2023-12-22 05:00:00,195.18,195.41,192.97,193.6,37149570.0,500544.0,194.099383
2023-12-26 05:00:00,193.61,193.89,192.83,193.05,28921648.0,488340.0,193.170805
2023-12-27 05:00:00,192.49,193.5,191.09,193.15,48092035.0,548205.0,192.535582
2023-12-28 05:00:00,194.14,194.66,193.17,193.58,34056639.0,472490.0,193.925614
2023-12-29 05:00:00,193.9,194.4,191.725,192.53,42672148.0,509123.0,192.577019
2024-01-02 05:00:00,187.15,188.44,183.885,185.64,82496943.0,1009074.0,185.846233
2024-01-03 05:00:00,184.22,185.88,183.43,184.25,58418916.0,656956.0,184.319693
2024-01-04 05:00:00,182.15,183.0872,180.88,181.91,71992243.0,712850.0,182.013085
2024-01-05 05:00:00,181.99,182.76,180.17,181.18,62379661.0,682335.0,181.483937
2024-01-08 05:00:00,182.085,185.6,181.5,185.56,59151720.0,669304.0,184.400869
2024-01-09 05:00:00,183.92,185.15,182.73,185.14,42848219.0,538297.0,184.364122
2024-01-10 05:00:00,184.35,186.4,183.92,186.19,46797681.0,554884.0,185.223846
2024-01-11 05:00:00,186.54,187.05,183.62,185.59,49133996.0,584114.0,185.022217
2024-01-12 05:00:00,186.06,186.74,185.19,185.92,40477782.0,477050.0,185.818208
2024-01-16 05:00:00,182.16,184.26,180.934,183.63,65612289.0,767431.0,182.83027
2024-01-17 05:00:00,181.27,182.93,180.3,182.68,47321545.0,594725.0,181.895222
2024-01-18 05:00:00,186.09,189.14,185.83,188.63,78031784.0,787472.0,187.968724
2024-01-19 05:00:00,189.33,191.95,188.82,191.56,68902985.0,682664.0,190.60882
2024-01-22 05:00:00,192.3,195.33,192.26,193.89,60139948.0,718256.0,194.013458
2024-01-23 05:00:00,195.02,195.75,193.8299,195.18,42360151.0,533198.0,194.815768
2024-01-24 05:00:00,195.42,196.38,194.34,194.5,53636461.0,594907.0,195.236375
2024-01-25 05:00:00,195.22,196.2675,193.1125,194.17,54834147.0,644776.0,194.783346
2024-01-26 05:00:00,194.27,194.76,191.94,192.42,44594011.0,534166.0,193.136866
2024-01-29 05:00:00,192.01,192.2,189.58,191.73,47145521.0,599512.0,191.280816
2024-01-30 05:00:00,190.94,191.8,187.47,188.04,55854611.0,690706.0,188.823566
2024-01-31 05:00:00,187.04,187.095,184.35,184.4,55467803.0,679844.0,185.367471
2024-02-01 05:00:00,183.985,186.95,183.82,186.86,64885408.0,820977.0,186.026227
2024-02-02 05:00:00,179.86,187.33,179.25,185.85,102551680.0,1108466.0,184.826139
2024-02-05 05:00:00,188.15,189.25,185.84,187.68,69668820.0,804749.0,187.770827
2024-02-06 05:00:00,186.86,189.31,186.7695,189.3,43490759.0,530825.0,188.495897
2024-02-07 05:00:00,190.64,191.05,188.61,189.41,53438955.0,596088.0,189.364757
2024-02-08 05:00:00,189.385,189.535,187.35,188.32,40962046.0,521464.0,188.299781
2024-02-09 05:00:00,188.65,189.99,188.0,188.85,45155216.0,544714.0,189.014343
2024-02-12 05:00:00,188.415,188.67,186.79,187.15,41781934.0,585515.0,187.597468
2024-02-13 05:00:00,185.77,186.21,183.5128,185.04,56529529.0,644015.0,184.966464
2024-02-14 05:00:00,185.32,185.53,182.44,184.15,54630517.0,679073.0,183.578606
2024-02-15 05:00:00,183.55,184.49,181.35,183.86,65434496.0,756083.0,182.685738
2024-02-16 05:00:00,183.42,184.85,181.665,182.31,49752465.0,611770.0,182.753461
2024-02-20 05:00:00,181.79,182.43,180.0,181.56,53665553.0,712338.0,181.029315
2024-02-21 05:00:00,181.94,182.8888,180.66,182.32,41529674.0,522493.0,181.962835
2024-02-22 05:00:00,183.48,184.955,182.46,184.37,52292208.0,613893.0,183.830992
2024-02-23 05:00:00,185.01,185.04,182.23,182.52,45119677.0,549251.0,183.021736
2024-02-26 05:00:00,182.24,182.76,180.65,181.16,40867421.0,615639.0,181.314102
2024-02-27 05:00:00,181.1,183.9225,179.56,182.63,54319745.0,669764.0,181.811155
2024-02-28 05:00:00,182.51,183.12,180.13,181.42,48953939.0,596443.0,181.146598
2024-02-29 05:00:00,181.27,182.57,179.53,180.75,136682597.0,813073.0,180.683283
2024-03-01 05:00:00,179.55,180.53,177.38,179.66,73563082.0,911079.0,179.006275
2024-03-04 05:00:00,176.15,176.9,173.79,175.1,81510101.0,1167167.0,174.831634
2024-03-05 05:00:00,170.76,172.04,169.62,170.12,95432355.0,1108821.0,170.306262
2024-03-06 05:00:00,171.06,171.24,168.68,169.12,68587707.0,896300.0,169.541341
2024-03-07 05:00:00,169.15,170.73,168.49,169.0,71765061.0,825406.0,169.391677
2024-03-08 05:00:00,169.0,173.7,168.94,170.73,76267041.0,925213.0,171.559534
2024-03-11 04:00:00,172.94,174.38,172.05,172.75,60139473.0,793618.0,172.953654
2024-03-12 04:00:00,173.15,174.03,171.01,173.23,59825372.0,735067.0,172.846156
2024-03-13 04:00:00,172.77,173.185,170.76,171.13,52488692.0,647120.0,171.346241
2024-03-14 04:00:00,172.91,174.3078,172.05,173.0,72913507.0,806014.0,173.105496
2024-03-15 04:00:00,171.17,172.62,170.285,172.62,121752699.0,771387.0,171.710221
2024-03-18 04:00:00,175.57,177.71,173.52,173.72,75604184.0,866388.0,175.502415
2024-03-19 04:00:00,174.34,176.605,173.03,176.08,55215244.0,636058.0,175.453787
2024-03-20 04:00:00,175.72,178.67,175.09,178.67,53423102.0,641653.0,177.199304
2024-03-21 04:00:00,177.05,177.49,170.84,171.37,106181270.0,1224985.0,172.712473
2024-03-22 04:00:00,171.76,173.05,170.06,172.28,71160138.0,736379.0,172.075981
2024-03-25 04:00:00,170.565,171.94,169.45,170.85,54288328.0,727686.0,170.706341
2024-03-26 04:00:00,170.0,171.42,169.58,169.71,57388449.0,684303.0,170.342184
2024-03-27 04:00:00,170.41,173.6,170.11,173.31,60273265.0,670630.0,172.581734
2024-03-28 04:00:00,171.75,172.23,170.51,171.48,65672690.0,648027.0,171.355595
2024-04-01 04:00:00,171.19,171.25,169.475,170.03,46240500.0,676830.0,170.066484
2024-04-02 04:00:00,169.08,169.34,168.2302,168.84,49356481.0,608917.0,168.895583
2024-04-03 04:00:00,168.79,170.68,168.58,169.65,47691715.0,571286.0,169.864966
2024-04-04 04:00:00,170.29,171.92,168.82,168.82,53704386.0,630785.0,170.088279
2024-04-05 04:00:00,169.59,170.39,168.95,169.58,42104826.0,540854.0,169.644567
2024-04-08 04:00:00,169.03,169.2,168.24,168.45,37425513.0,549987.0,168.661965
2024-04-09 04:00:00,168.7,170.08,168.35,169.67,42451209.0,541699.0,169.156022
2024-04-10 04:00:00,168.8,169.09,167.11,167.78,49709336.0,647589.0,167.967996
2024-04-11 04:00:00,168.34,175.46,168.16,175.04,91070275.0,828410.0,172.725026
2024-04-12 04:00:00,174.26,178.36,174.21,176.55,101617429.0,959162.0,176.37919
2024-04-15 04:00:00,175.36,176.63,172.5,172.69,73531773.0,846772.0,174.156292
2024-04-16 04:00:00,171.75,173.76,168.27,169.38,73711235.0,834299.0,170.053177
2024-04-17 04:00:00,169.61,170.65,168.0,168.0,50901210.0,599005.0,169.005697
2024-04-18 04:00:00,168.03,168.64,166.55,167.04,43116703.0,553241.0,167.414061
2024-04-19 04:00:00,166.21,166.4,164.075,165.0,68149377.0,754775.0,165.142375
2024-04-22 04:00:00,165.515,167.26,164.77,165.84,48116443.0,610370.0,165.93835
2024-04-23 04:00:00,165.35,167.05,164.92,166.9,49537761.0,554942.0,166.498697
2024-04-24 04:00:00,166.54,169.3,166.21,169.02,48251835.0,584990.0,168.447598
2024-04-25 04:00:00,169.525,170.61,168.1511,169.89,50558329.0,608882.0,169.443845
2024-04-26 04:00:00,169.88,171.34,169.18,169.3,44838354.0,563912.0,170.005491
2024-04-29 04:00:00,173.37,176.03,173.1,173.5,68169419.0,808216.0,174.445277
2024-04-30 04:00:00,173.33,174.99,170.0,170.33,65934776.0,647477.0,172.099126
2024-05-01 04:00:00,169.58,172.705,169.11,169.3,50383147.0,648630.0,170.720884
2024-05-02 04:00:00,172.51,173.415,170.89,173.03,94214915.0,944120.0,172.461486
2024-05-03 04:00:00,186.645,187.0,182.66,183.38,163224109.0,1468505.0,184.596364
2024-05-06 04:00:00,182.354,184.2,180.42,181.71,78569667.0,898764.0,181.840062
2024-05-07 04:00:00,183.45,184.9,181.32,182.4,77305771.0,747519.0,182.837213
2024-05-08 04:00:00,182.85,183.07,181.45,182.74,45057087.0,518609.0,182.468972
2024-05-09 04:00:00,182.56,184.66,182.11,184.57,48982972.0,551005.0,183.988666
2024-05-10 04:00:00,184.9,185.09,182.13,183.05,50759496.0,558780.0,183.098781
2024-05-13 04:00:00,185.435,187.1,184.62,186.28,72054409.0,726520.0,186.196091
2024-05-14 04:00:00,187.51,188.3,186.29,187.43,52393619.0,559493.0,187.267149
2024-05-15 04:00:00,187.91,190.65,187.37,189.72,70399988.0,727615.0,189.700072
2024-05-16 04:00:00,190.47,191.095,189.6601,189.84,52845230.0,566951.0,190.135756
2024-05-17 04:00:00,189.51,190.81,189.18,189.87,41282925.0,478193.0,189.936809
2024-05-20 04:00:00,189.325,191.9199,189.01,191.04,44361275.0,566908.0,191.086154
2024-05-21 04:00:00,191.09,192.73,190.9201,192.35,42309401.0,502788.0,192.255686
2024-05-22 04:00:00,192.265,192.8231,190.27,190.9,34648547.0,452377.0,191.446181
2024-05-23 04:00:00,190.98,191.0,186.625,186.88,51005924.0,574010.0,188.23328
2024-05-24 04:00:00,188.82,190.58,188.0404,189.98,36326975.0,492870.0,189.724212
2024-05-28 04:00:00,191.51,193.0,189.1,189.99,52280051.0,702191.0,190.773235
2024-05-29 04:00:00,189.61,192.247,189.51,190.29,53068016.0,603502.0,191.114792
2024-05-30 04:00:00,190.76,192.18,190.63,191.29,49947941.0,568984.0,191.410401
2024-05-31 04:00:00,191.44,192.57,189.91,192.25,75158277.0,618230.0,191.66388
2024-06-03 04:00:00,192.9,194.99,192.52,194.03,50080539.0,700957.0,193.787269
2024-06-04 04:00:00,194.635,195.32,193.0342,194.35,47471445.0,575318.0,194.306377
2024-06-05 04:00:00,195.4,196.9,194.87,195.87,54156785.0,648283.0,195.883235
2024-06-06 04:00:00,195.685,196.5,194.17,194.48,41181753.0,550123.0,195.332141
2024-06-07 04:00:00,194.65,196.94,194.14,196.89,53103912.0,505960.0,195.928421
2024-06-10 04:00:00,196.9,197.3,192.15,193.12,97262077.0,1115274.0,194.426234
2024-06-11 04:00:00,193.65,207.16,193.63,207.15,172460296.0,1601779.0,203.112181
2024-06-12 04:00:00,207.37,220.2,206.9,213.07,198134293.0,1861010.0,215.460162
2024-06-13 04:00:00,214.74,216.75,211.6,214.24,97862729.0,1032970.0,214.029875
2024-06-14 04:00:00,213.85,215.17,211.3,212.49,70122748.0,793746.0,212.736231
2024-06-17 04:00:00,213.37,218.95,212.72,216.67,93728300.0,1034963.0,216.440781
2024-06-18 04:00:00,217.59,218.63,213.0,214.29,79943254.0,919960.0,214.735152
2024-06-20 04:00:00,213.93,214.24,208.85,209.68,86172451.0,1005362.0,210.595655
2024-06-21 04:00:00,210.39,211.89,207.11,207.49,246421353.0,881938.0,208.555754
2024-06-24 04:00:00,207.72,212.7,206.59,208.14,80727006.0,916152.0,209.449238
2024-06-25 04:00:00,209.15,211.38,208.61,209.07,56713868.0,621196.0,209.721317
2024-06-26 04:00:00,211.5,214.86,210.64,213.25,66213186.0,769103.0,213.17689
2024-06-27 04:00:00,214.69,215.7395,212.35,214.1,49772707.0,644397.0,213.933376
2024-06-28 04:00:00,215.77,216.07,210.3,210.62,82403710.0,727543.0,212.656277
2024-07-01 04:00:00,212.09,217.51,211.92,216.75,60402929.0,784845.0,215.508234
2024-07-02 04:00:00,216.15,220.38,215.1,220.27,58046178.0,689998.0,219.182842
2024-07-03 04:00:00,220.0,221.55,219.03,221.55,37369801.0,566784.0,220.684315
2024-07-05 04:00:00,221.65,226.45,221.65,226.34,60412408.0,767414.0,224.931448
2024-07-08 04:00:00,227.09,227.85,223.25,227.82,59085861.0,790096.0,226.293992
2024-07-09 04:00:00,227.93,229.4,226.3721,228.68,48169822.0,651068.0,228.220233
2024-07-10 04:00:00,229.3,233.08,229.25,232.98,62627687.0,782526.0,231.674517
2024-07-11 04:00:00,231.39,232.39,225.77,227.57,64710617.0,889309.0,228.407436
2024-07-12 04:00:00,228.92,232.64,228.68,230.54,53046527.0,706283.0,231.0574
2024-07-15 04:00:00,236.48,237.23,233.09,234.4,62631252.0,822676.0,234.945994
2024-07-16 04:00:00,235.0,236.27,232.33,234.82,43234278.0,623963.0,234.333785
2024-07-17 04:00:00,229.45,231.4599,226.64,228.88,57345884.0,811104.0,228.812381
2024-07-18 04:00:00,230.28,230.44,222.27,224.18,66034585.0,844626.0,225.167646
2024-07-19 04:00:00,224.82,226.8,223.275,224.31,49151453.0,612830.0,224.753544
2024-07-22 04:00:00,227.01,227.78,223.09,223.96,48201835.0,704897.0,224.992525
2024-07-23 04:00:00,224.365,226.94,222.68,225.01,39960260.0,551688.0,225.013617
2024-07-24 04:00:00,224.0,224.8,217.13,218.54,61777576.0,816144.0,219.079866
2024-07-25 04:00:00,218.93,220.85,214.62,217.49,51391199.0,737642.0,218.117437
2024-07-26 04:00:00,218.7,219.49,216.01,217.96,41601345.0,608589.0,217.883083
2024-07-29 04:00:00,216.96,219.3,215.75,218.24,36311778.0,604724.0,218.144019
2024-07-30 04:00:00,219.19,220.325,216.12,218.8,41643840.0,584355.0,218.443117
2024-07-31 04:00:00,221.44,223.82,220.63,222.08,50036262.0,668901.0,222.37097
2024-08-01 04:00:00,224.37,224.48,217.02,218.36,62500996.0,876129.0,219.57015
2024-08-02 04:00:00,219.15,225.6,217.71,219.86,105568560.0,1132553.0,222.251583
2024-08-05 04:00:00,199.09,213.5,196.0,209.27,119548589.0,1661550.0,208.116338
2024-08-06 04:00:00,205.3,209.99,201.07,207.23,69660488.0,921953.0,206.571553
2024-08-07 04:00:00,206.9,213.64,206.39,209.82,63516417.0,741724.0,211.033883
2024-08-08 04:00:00,213.11,214.2,208.83,213.31,47161149.0,628773.0,212.581208
2024-08-09 04:00:00,212.1,216.78,211.97,216.24,42201646.0,589469.0,215.217661
2024-08-12 04:00:00,216.07,219.5099,215.6,217.53,38028092.0,602530.0,217.546317
2024-08-13 04:00:00,219.01,221.89,219.01,221.27,44155331.0,553265.0,220.993659
2024-08-14 04:00:00,220.57,223.03,219.7,221.72,41960574.0,568519.0,221.499308
2024-08-15 04:00:00,224.6,225.35,222.76,224.72,46414013.0,590575.0,224.55366
2024-08-16 04:00:00,223.92,226.8271,223.6501,226.05,44340240.0,562638.0,225.429357
2024-08-19 04:00:00,225.72,225.99,223.04,225.89,40687813.0,606363.0,224.830286
2024-08-20 04:00:00,225.77,227.17,225.45,226.51,30299033.0,498797.0,226.54141
2024-08-21 04:00:00,226.52,227.98,225.05,226.4,34765480.0,506656.0,226.450135
2024-08-22 04:00:00,227.79,228.34,223.9,224.53,43695321.0,586190.0,225.65207
2024-08-23 04:00:00,225.6589,228.22,224.33,226.84,38677250.0,555154.0,226.570678
2024-08-26 04:00:00,226.76,227.28,223.8905,227.18,30602208.0,565404.0,226.032558
2024-08-27 04:00:00,225.995,228.85,224.89,228.03,35934559.0,491852.0,227.74689
2024-08-28 04:00:00,227.92,229.86,225.68,226.49,38052167.0,563160.0,227.474363
2024-08-29 04:00:00,230.1,232.92,228.88,229.79,51906297.0,723145.0,231.008651
2024-08-30 04:00:00,230.19,230.4,227.48,229.0,52990770.0,594158.0,228.898421
2024-09-03 04:00:00,228.55,229.0,221.17,222.77,50190574.0,813604.0,223.749584
2024-09-04 04:00:00,221.66,221.78,217.48,220.85,43840196.0,679980.0,219.920973
2024-09-05 04:00:00,221.625,225.48,221.52,222.38,36615398.0,588073.0,223.192809
2024-09-06 04:00:00,223.95,225.24,219.77,220.82,48423011.0,663965.0,221.704436
2024-09-09 04:00:00,220.82,221.27,216.71,220.91,67179965.0,945464.0,219.298998
2024-09-10 04:00:00,218.92,221.48,216.73,220.11,51591033.0,684935.0,219.536157
2024-09-11 04:00:00,221.455,223.09,217.89,222.66,44587072.0,609494.0,221.190116
2024-09-12 04:00:00,222.5,223.55,219.82,222.77,37498225.0,556917.0,222.389637
2024-09-13 04:00:00,223.58,224.04,221.91,222.5,36766619.0,541883.0,222.922817
2024-09-16 04:00:00,216.54,217.22,213.92,216.32,59357427.0,870760.0,215.864965
2024-09-17 04:00:00,215.75,216.9,214.5,216.79,45519339.0,651444.0,216.191099
2024-09-18 04:00:00,217.55,222.71,217.54,220.69,59894928.0,833014.0,220.443008
2024-09-19 04:00:00,224.99,229.82,224.63,228.87,66781315.0,808546.0,228.421566
2024-09-20 04:00:00,229.97,233.09,227.62,228.2,318679888.0,971914.0,229.125739
2024-09-23 04:00:00,227.34,229.45,225.81,226.47,54146023.0,693312.0,227.036015
2024-09-24 04:00:00,228.645,229.35,225.73,227.37,43556068.0,519573.0,227.226809
2024-09-25 04:00:00,224.93,227.29,224.02,226.37,42308715.0,564630.0,225.83909
2024-09-26 04:00:00,227.3,228.5,225.41,227.52,36636707.0,433165.0,227.261165
2024-09-27 04:00:00,228.46,229.52,227.3,227.79,34025967.0,504108.0,228.171141
2024-09-30 04:00:00,230.04,233.0,229.65,233.0,54793391.0,710084.0,232.08941
2024-10-01 04:00:00,229.52,229.65,223.74,226.21,63285048.0,832120.0,225.897039
2024-10-02 04:00:00,225.89,227.37,223.02,226.78,32880605.0,504717.0,226.043352
2024-10-03 04:00:00,225.14,226.805,223.32,225.67,34044158.0,516347.0,225.007676
2024-10-04 04:00:00,227.9,228.0,224.13,226.8,37345098.0,558162.0,225.839189
2024-10-07 04:00:00,224.5,225.69,221.33,221.69,39505354.0,607240.0,223.321699
2024-10-08 04:00:00,224.3,225.98,223.25,225.77,31855693.0,495518.0,225.170803
2024-10-09 04:00:00,225.23,229.75,224.83,229.54,33591091.0,519279.0,228.293881
2024-10-10 04:00:00,227.78,229.5,227.17,229.04,28183544.0,446857.0,228.576787
2024-10-11 04:00:00,229.3,229.41,227.34,227.55,31759188.0,485460.0,228.020953
2024-10-14 04:00:00,228.7,231.73,228.6,231.3,39882085.0,580529.0,230.728854
2024-10-15 04:00:00,233.61,237.49,232.37,233.85,64751367.0,827530.0,234.893394
2024-10-16 04:00:00,231.6,232.12,229.84,231.78,34082240.0,551097.0,231.060277
2024-10-17 04:00:00,233.43,233.85,230.52,232.15,32993810.0,487630.0,232.056313
2024-10-18 04:00:00,236.18,236.18,234.01,235.0,46431472.0,562502.0,235.252634
2024-10-21 04:00:00,234.45,236.85,234.45,236.48,36254470.0,538692.0,235.991167
2024-10-22 04:00:00,233.885,236.22,232.6,235.86,38846578.0,489180.0,234.775329
2024-10-23 04:00:00,234.08,235.144,227.76,230.76,52286979.0,722059.0,231.134978
2024-10-24 04:00:00,229.98,230.82,228.41,230.57,31109503.0,490815.0,230.056502
2024-10-25 04:00:00,229.74,233.22,229.57,231.41,38802304.0,551681.0,231.703642
2024-10-28 04:00:00,233.32,234.73,232.55,233.4,36087134.0,557146.0,233.654245
2024-10-29 04:00:00,233.1,234.325,232.32,233.67,35417247.0,484094.0,233.602577
2024-10-30 04:00:00,232.61,233.47,229.55,230.1,47070907.0,593652.0,230.82421
2024-10-31 04:00:00,229.34,229.83,225.37,225.91,64370086.0,767895.0,227.038381
2024-11-01 04:00:00,220.965,225.35,220.27,222.91,65276741.0,859117.0,222.804987
2024-11-04 05:00:00,220.99,222.79,219.71,222.01,44944468.0,647168.0,221.767417
2024-11-05 05:00:00,221.795,223.95,221.14,223.45,28111338.0,502059.0,223.110799
2024-11-06 05:00:00,222.61,226.065,221.19,222.72,54561121.0,796635.0,223.789045
2024-11-07 05:00:00,224.625,227.875,224.57,227.48,42137691.0,623242.0,226.79628
2024-11-08 05:00:00,227.17,228.66,226.405,226.96,38328824.0,541125.0,227.235239
2024-11-11 05:00:00,225.0,225.7,221.5,224.23,42005602.0,555127.0,223.397808
2024-11-12 05:00:00,224.55,225.59,223.355,224.23,40398299.0,462612.0,224.377658
2024-11-13 05:00:00,224.01,226.65,222.76,225.12,48566217.0,467219.0,224.935939
2024-11-14 05:00:00,225.02,228.87,225.0,228.22,44923941.0,492068.0,227.454246
2024-11-15 05:00:00,226.4,226.92,224.27,225.0,47923696.0,451319.0,225.147593
2024-11-18 05:00:00,225.25,229.74,225.17,228.02,44691859.0,437922.0,228.036169
2024-11-19 05:00:00,226.98,230.16,226.66,228.28,36211774.0,365242.0,228.651147
2024-11-20 05:00:00,228.06,229.93,225.89,229.0,35230059.0,357481.0,228.019292
2024-11-21 05:00:00,228.88,230.155,225.7103,228.52,42108327.0,431685.0,228.439064
2024-11-22 05:00:00,228.06,230.7199,228.06,229.87,38168252.0,380624.0,229.692547
2024-11-25 05:00:00,231.46,233.245,229.74,232.87,90152832.0,510698.0,232.405006
2024-11-26 05:00:00,233.33,235.57,233.33,235.06,45986189.0,450015.0,234.821331
2024-11-27 05:00:00,234.465,235.69,233.8101,234.93,33498439.0,339860.0,234.806483
2024-11-29 05:00:00,234.805,237.81,233.97,237.33,28481377.0,268955.0,236.570409
2024-12-02 05:00:00,237.27,240.79,237.16,239.59,48137103.0,469685.0,239.520954
2024-12-03 05:00:00,239.81,242.76,238.9,242.65,38861017.0,419384.0,241.628776
2024-12-04 05:00:00,242.87,244.11,241.25,243.01,44383935.0,406663.0,242.952411
2024-12-05 05:00:00,243.99,244.54,242.13,243.04,40033878.0,401262.0,243.055
2024-12-06 05:00:00,242.905,244.63,242.08,242.84,36870619.0,366549.0,243.211621
2024-12-09 05:00:00,241.83,247.24,241.75,246.75,44649232.0,500769.0,245.992267
2024-12-10 05:00:00,246.89,248.21,245.34,247.77,36914806.0,423350.0,247.266088
2024-12-11 05:00:00,247.96,250.8,246.2601,246.49,45205814.0,455625.0,248.24955
2024-12-12 05:00:00,246.89,248.74,245.68,247.96,32777532.0,353012.0,247.765941
2024-12-13 05:00:00,247.815,249.2902,246.24,248.13,33155290.0,349810.0,247.74208
2024-12-16 05:00:00,247.99,251.38,247.65,251.04,51694753.0,448224.0,250.490096
2024-12-17 05:00:00,250.08,253.83,249.78,253.48,51356360.0,487662.0,253.010532
2024-12-18 05:00:00,252.16,254.28,247.74,248.05,56774101.0,564347.0,250.488225
2024-12-19 05:00:00,247.5,252.0,247.0949,249.79,60882264.0,532896.0,249.866349
2024-12-20 05:00:00,248.04,255.0,245.69,254.49,147495267.0,551019.0,252.59909
2024-12-23 05:00:00,254.77,255.65,253.45,255.27,40858774.0,422563.0,254.713849
2024-12-24 05:00:00,255.49,258.21,255.29,258.2,23234705.0,245932.0,257.452942
2024-12-26 05:00:00,258.19,260.1,257.63,259.02,27262983.0,362325.0,258.937766
2024-12-27 05:00:00,257.83,258.7,253.06,255.59,42355321.0,474899.0,255.255129
2024-12-30 05:00:00,252.23,253.5,250.75,252.2,35557542.0,421634.0,252.228327
2024-12-31 05:00:00,252.44,253.28,249.43,250.42,39480718.0,361255.0,250.721619
2025-01-02 05:00:00,248.93,249.1,241.8201,243.85,55740731.0,685448.0,244.339399
2025-01-03 05:00:00,243.36,244.18,241.89,243.36,40244114.0,493786.0,243.069441
2025-01-06 05:00:00,244.31,247.33,243.2,245.0,45045571.0,493920.0,245.23906
2025-01-07 05:00:00,242.98,245.55,241.35,242.21,40855960.0,462887.0,243.011137
2025-01-08 05:00:00,241.92,243.7123,240.05,242.7,37628940.0,406916.0,242.272854
2025-01-10 05:00:00,240.01,240.16,233.0,236.85,61710856.0,685976.0,236.564899
2025-01-13 05:00:00,233.53,234.67,229.72,234.4,49630725.0,561231.0,232.601034
2025-01-14 05:00:00,234.75,236.12,232.472,233.28,39435294.0,436333.0,233.949347
2025-01-15 05:00:00,234.635,238.96,234.43,237.87,39831969.0,418804.0,237.596688
2025-01-16 05:00:00,237.35,238.01,228.03,228.26,71759052.0,786112.0,230.597381
2025-01-17 05:00:00,232.115,232.29,228.48,229.98,68488301.0,579302.0,230.573333
2025-01-21 05:00:00,224.0,224.42,219.38,222.64,98070429.0,1220197.0,221.551566
2025-01-22 05:00:00,219.79,224.12,219.79,223.83,64126500.0,683037.0,222.720781
2025-01-23 05:00:00,224.74,227.03,222.3,223.66,60234760.0,619806.0,224.1898
2025-01-24 05:00:00,224.78,225.63,221.41,222.78,54697907.0,579473.0,223.094438
2025-01-27 05:00:00,224.02,232.15,223.98,229.86,94863418.0,1008209.0,229.066419
2025-01-28 05:00:00,230.85,240.19,230.81,238.26,75707569.0,788818.0,237.590259
2025-01-29 05:00:00,234.12,239.855,234.01,239.36,45486100.0,515214.0,237.532995
2025-01-30 05:00:00,238.665,240.79,237.21,237.59,55658279.0,636380.0,238.666258
2025-01-31 05:00:00,247.19,247.19,233.44,236.0,101075128.0,936710.0,238.739716
2025-02-03 05:00:00,229.99,231.83,225.7,228.01,72998404.0,850831.0,228.158376
2025-02-04 05:00:00,227.25,233.13,226.65,232.8,44902694.0,494709.0,231.209491
2025-02-05 05:00:00,228.53,232.67,228.27,232.47,39664989.0,445631.0,230.958037
2025-02-06 05:00:00,231.285,233.8,230.425,233.22,29925349.0,375401.0,232.379795
2025-02-07 05:00:00,232.6,234.0,227.26,227.63,39487057.0,484221.0,229.183241
2025-02-10 05:00:00,229.57,230.585,227.2,227.65,33102191.0,398008.0,228.551097
2025-02-11 05:00:00,228.2,235.23,228.13,232.62,53718362.0,552127.0,232.735086
2025-02-12 05:00:00,231.2,236.96,230.68,236.87,45243292.0,486475.0,235.145378
2025-02-13 05:00:00,236.91,242.3399,235.57,241.53,53614054.0,531132.0,240.36593
2025-02-14 05:00:00,241.25,245.55,240.99,244.6,40896227.0,481732.0,244.066726
2025-02-18 05:00:00,244.15,245.18,241.84,244.47,48822491.0,486720.0,244.072787
2025-02-19 05:00:00,244.66,246.01,243.1604,244.87,32146308.0,382617.0,244.699147
2025-02-20 05:00:00,244.94,246.78,244.29,245.83,32316907.0,405771.0,245.643641
2025-02-21 05:00:00,245.95,248.69,245.22,245.55,53197431.0,508398.0,246.384922
2025-02-24 05:00:00,244.925,248.86,244.42,247.1,51326396.0,593130.0,247.302823
2025-02-25 05:00:00,248.0,250.0,244.91,247.04,48013272.0,574045.0,247.548096
2025-02-26 05:00:00,244.33,244.98,239.13,240.36,44433564.0,557242.0,241.664944
2025-02-27 05:00:00,239.41,242.46,237.06,237.3,41153639.0,503479.0,239.443587
2025-02-28 05:00:00,236.95,242.09,230.2,241.84,56833360.0,572585.0,239.403148
2025-03-03 05:00:00,241.79,244.0272,236.112,238.03,47183985.0,557039.0,239.978276
2025-03-04 05:00:00,237.705,240.07,234.68,235.93,53798062.0,685400.0,237.505567
2025-03-05 05:00:00,235.42,236.55,229.23,235.74,47227643.0,558645.0,233.781766
2025-03-06 05:00:00,234.435,237.86,233.1581,235.33,45170419.0,551790.0,235.298577
2025-03-07 05:00:00,235.105,241.37,234.76,239.07,46273565.0,581196.0,238.940422
2025-03-10 04:00:00,235.54,236.16,224.22,227.48,72071197.0,1152721.0,227.623563
2025-03-11 04:00:00,223.805,225.8399,217.45,220.84,76137410.0,899698.0,221.096091
2025-03-12 04:00:00,220.14,221.75,214.91,216.98,62547467.0,792931.0,217.596761
2025-03-13 04:00:00,215.95,216.8394,208.42,209.68,61368330.0,768934.0,212.024245
2025-03-14 04:00:00,211.25,213.95,209.58,213.49,60107582.0,668917.0,212.466779
2025-03-17 04:00:00,213.31,215.22,209.97,214.0,48073426.0,577436.0,213.202242
2025-03-18 04:00:00,214.16,215.15,211.49,212.69,42432426.0,493004.0,213.10947
2025-03-19 04:00:00,214.22,218.76,213.75,215.24,54385391.0,524678.0,215.609629
2025-03-20 04:00:00,213.99,217.4899,212.22,214.1,48862947.0,499769.0,214.396693
2025-03-21 04:00:00,211.56,218.84,211.28,218.27,94127768.0,496948.0,215.734078
2025-03-24 04:00:00,221.0,221.48,218.58,220.73,44299483.0,495018.0,220.082882
2025-03-25 04:00:00,220.77,224.1,220.08,223.75,34493583.0,407132.0,223.117364
2025-03-26 04:00:00,223.51,225.02,220.47,221.53,34532656.0,440452.0,222.527802
2025-03-27 04:00:00,221.39,224.99,220.5601,223.85,37094774.0,387119.0,223.354994
2025-03-28 04:00:00,221.67,223.81,217.68,217.9,39818617.0,485185.0,219.364708
2025-03-31 04:00:00,217.005,225.62,216.23,222.13,65298894.0,646558.0,220.644612
2025-04-01 04:00:00,219.805,223.68,218.9,223.19,36412740.0,594670.0,222.333555
2025-04-02 04:00:00,221.315,225.19,221.02,223.89,35905904.0,473114.0,223.770488
2025-04-03 04:00:00,205.54,207.49,201.25,203.19,103418915.0,1366636.0,204.016333
2025-04-04 04:00:00,193.89,199.88,187.34,188.38,125908914.0,1716108.0,192.430879
2025-04-07 04:00:00,177.2,194.15,174.62,181.46,160466286.0,2117015.0,180.47395
2025-04-08 04:00:00,186.7,190.335,169.2101,172.42,120853216.0,1671395.0,179.164809
2025-04-09 04:00:00,171.95,200.61,171.89,198.85,184386792.0,2212850.0,188.345233
2025-04-10 04:00:00,189.065,194.7799,183.0,190.42,121879981.0,1500041.0,189.875437
2025-04-11 04:00:00,186.1,199.54,186.06,198.15,87435915.0,1073191.0,195.686718
2025-04-14 04:00:00,211.44,212.94,201.1621,202.52,101352911.0,1272714.0,205.417854
2025-04-15 04:00:00,201.855,203.51,199.8,202.14,51343872.0,595846.0,202.184277
2025-04-16 04:00:00,198.36,200.7,192.37,194.27,59732423.0,744249.0,195.847681
2025-04-17 04:00:00,197.2,198.8335,194.42,196.98,52164408.0,537912.0,196.897749
2025-04-21 04:00:00,193.265,193.8,189.8112,193.16,46742537.0,576340.0,191.966857
2025-04-22 04:00:00,196.12,201.59,195.97,199.74,52976297.0,608787.0,199.219833
2025-04-23 04:00:00,206.0,208.0,202.799,204.6,52929165.0,664354.0,205.344795
2025-04-24 04:00:00,204.89,208.8299,202.94,208.37,47310989.0,490831.0,207.133886
2025-04-25 04:00:00,206.365,209.75,206.2,209.28,38222258.0,469917.0,208.424899
2025-04-28 04:00:00,210.0,211.5,207.46,210.14,38743074.0,436969.0,209.664384
2025-04-29 04:00:00,208.693,212.24,208.37,211.21,36827633.0,403524.0,211.011514
2025-04-30 04:00:00,209.3,213.58,206.6705,212.5,52286454.0,501667.0,211.321946
2025-05-01 04:00:00,209.08,214.56,208.9,213.32,57365675.0,712566.0,212.465753
2025-05-02 04:00:00,206.09,206.99,202.16,205.35,101010621.0,1100613.0,204.784489
2025-05-05 04:00:00,203.1,204.1,198.21,198.89,69018452.0,770697.0,199.723715
2025-05-06 04:00:00,198.21,200.65,197.02,198.51,51216482.0,529849.0,198.863683
2025-05-07 04:00:00,199.17,199.44,193.25,196.25,68616943.0,753075.0,195.89945
2025-05-08 04:00:00,197.72,200.05,194.6796,197.49,50478872.0,599001.0,197.774244
2025-05-09 04:00:00,199.0,200.5399,197.535,198.53,36453923.0,423067.0,198.727532
2025-05-12 04:00:00,210.97,211.2679,206.75,210.79,63775814.0,806841.0,209.671497
2025-05-13 04:00:00,210.43,213.4,209.0,212.93,51909332.0,608884.0,211.920893
2025-05-14 04:00:00,212.43,213.94,210.5801,212.33,49325825.0,596267.0,212.274905
2025-05-15 04:00:00,210.95,212.96,209.54,211.45,45029473.0,550863.0,211.302042
2025-05-16 04:00:00,212.36,212.57,209.77,211.26,54737850.0,512788.0,211.318133
2025-05-19 04:00:00,207.91,209.48,204.26,208.78,46140527.0,617742.0,207.544666
2025-05-20 04:00:00,207.67,208.47,205.03,206.86,42496635.0,511393.0,207.012839
2025-05-21 04:00:00,205.17,207.04,200.71,202.09,59211774.0,783994.0,203.41488
2025-05-22 04:00:00,200.71,202.75,199.7,201.36,46742407.0,615608.0,201.381366
2025-05-23 04:00:00,193.665,197.7,193.46,195.27,78432918.0,1035410.0,195.921086
2025-05-27 04:00:00,198.3,200.74,197.43,200.21,56288475.0,710445.0,199.536657
2025-05-28 04:00:00,200.59,202.73,199.9,200.42,45339678.0,549615.0,200.829719
2025-05-29 04:00:00,203.575,203.81,198.51,199.95,51477938.0,652509.0,200.374911
2025-05-30 04:00:00,199.37,201.96,196.78,200.85,70819942.0,605924.0,199.860142
2025-06-02 04:00:00,200.28,202.13,200.12,201.7,35423294.0,501431.0,201.213591
2025-06-03 04:00:00,201.35,203.77,200.955,203.27,46381567.0,519820.0,202.782254
2025-06-04 04:00:00,202.91,206.24,202.1,202.82,43603985.0,568214.0,203.716632
2025-06-05 04:00:00,203.5,204.75,200.15,200.63,55221235.0,637645.0,201.868062
2025-06-06 04:00:00,203.0,205.7,202.05,203.92,46607693.0,556357.0,204.114905
2025-06-09 04:00:00,204.39,206.0,200.02,201.45,72862557.0,860118.0,202.490754
2025-06-10 04:00:00,200.6,204.35,200.57,202.67,54672608.0,611323.0,202.546622
2025-06-11 04:00:00,203.5,204.5,198.41,198.78,60989857.0,770310.0,200.489444
2025-06-12 04:00:00,199.08,199.68,197.3601,199.2,43904635.0,541843.0,198.668035
2025-06-13 04:00:00,199.73,200.37,195.7,196.45,51447349.0,716210.0,197.004454
2025-06-16 04:00:00,197.3,198.685,196.5636,198.42,43020691.0,568354.0,197.888661
2025-06-17 04:00:00,197.2,198.39,195.21,195.64,38856152.0,522902.0,196.52036
2025-06-18 04:00:00,195.94,197.57,195.07,196.58,45394689.0,520881.0,196.454302
2025-06-20 04:00:00,198.235,201.7,196.855,201.0,96813542.0,680915.0,199.755548
2025-06-23 04:00:00,201.625,202.3,198.96,201.5,55814272.0,618980.0,201.156272
2025-06-24 04:00:00,202.59,203.44,200.2,200.3,54064033.0,666917.0,201.407206
2025-06-25 04:00:00,201.45,203.67,200.6201,201.56,39525730.0,514978.0,201.806037
2025-06-26 04:00:00,201.43,202.64,199.46,201.0,50799121.0,622887.0,200.611564
2025-06-27 04:00:00,201.89,203.22,200.0,201.08,73188571.0,596078.0,201.460865
2025-06-30 04:00:00,202.01,207.39,199.2607,205.17,91912816.0,914593.0,203.385379
2025-07-01 04:00:00,206.665,210.1865,206.1401,207.82,78788867.0,970491.0,208.197107
2025-07-02 04:00:00,208.91,213.34,208.14,212.44,67941811.0,798402.0,211.791667
2025-07-03 04:00:00,212.145,214.65,211.8101,213.55,34955836.0,432780.0,213.610276
2025-07-07 04:00:00,212.68,216.23,208.8,209.95,50228984.0,670324.0,211.178545
2025-07-08 04:00:00,210.1,211.43,208.45,210.01,42848928.0,512140.0,209.909746
2025-07-09 04:00:00,209.53,211.33,207.22,211.14,48749367.0,590796.0,209.522103
2025-07-10 04:00:00,210.505,213.48,210.03,212.41,44443634.0,545130.0,212.263512
2025-07-11 04:00:00,210.565,212.13,209.86,211.16,39765812.0,431665.0,211.018793
2025-07-14 04:00:00,209.925,210.91,207.54,208.62,38840111.0,525534.0,208.757364
2025-07-15 04:00:00,209.22,211.89,208.92,209.11,42296339.0,526311.0,210.153548
2025-07-16 04:00:00,210.295,212.4,208.64,210.16,47483372.0,535726.0,210.422945
2025-07-17 04:00:00,210.57,211.8,209.59,210.02,48067750.0,574969.0,210.556305
2025-07-18 04:00:00,210.87,211.79,209.7045,211.18,48972900.0,478837.0,210.88438
2025-07-21 04:00:00,212.1,215.78,211.63,212.48,51377434.0,651657.0,213.488308
2025-07-22 04:00:00,213.14,214.95,212.2301,214.4,46404072.0,549182.0,213.663056
2025-07-23 04:00:00,215.0,215.15,212.41,214.15,46989301.0,497904.0,213.736683
2025-07-24 04:00:00,213.9,215.69,213.53,213.76,46022620.0,505013.0,214.425445
2025-07-25 04:00:00,214.7,215.24,213.4,213.88,40268781.0,409972.0,214.176039
2025-07-28 04:00:00,214.03,214.845,213.06,214.05,37858017.0,425354.0,214.045208
2025-07-29 04:00:00,214.175,214.81,210.82,211.27,51411723.0,537963.0,212.167781
2025-07-30 04:00:00,211.895,212.39,207.72,209.05,45511423.0,542328.0,209.617522
2025-07-31 04:00:00,208.49,209.84,207.16,207.57,80698431.0,827514.0,208.381893
2025-08-01 04:00:00,210.865,213.58,201.5,202.38,104434473.0,1201399.0,204.674792
2025-08-04 04:00:00,204.505,207.88,201.675,203.35,75109298.0,785189.0,204.429327
2025-08-05 04:00:00,203.4,205.34,202.16,202.92,44155079.0,491748.0,203.616581
2025-08-06 04:00:00,205.63,215.38,205.59,213.25,108483103.0,1104103.0,212.69907
2025-08-07 04:00:00,218.875,220.85,216.58,220.03,90224834.0,1007838.0,219.300466
2025-08-08 04:00:00,220.83,231.0,219.25,229.35,113853967.0,1135405.0,227.258264
2025-08-11 04:00:00,227.92,229.56,224.76,227.18,61806132.0,692122.0,227.313985
2025-08-12 04:00:00,228.005,230.8,227.07,229.65,55672301.0,561508.0,229.351117
2025-08-13 04:00:00,231.07,235.0,230.43,233.33,69878546.0,740719.0,232.806434
2025-08-14 04:00:00,234.055,235.12,230.85,232.78,51916275.0,558697.0,232.705778
2025-08-15 04:00:00,234.0,234.28,229.335,231.59,56038657.0,503028.0,231.704507
2025-08-18 04:00:00,231.7,233.12,230.11,230.89,37476188.0,430736.0,231.217025
2025-08-19 04:00:00,231.275,232.87,229.35,230.56,39402564.0,445624.0,230.871535
2025-08-20 04:00:00,229.98,230.47,225.77,226.01,42263865.0,527559.0,226.822557
2025-08-21 04:00:00,226.27,226.52,223.7804,224.9,30621249.0,406761.0,224.999731
2025-08-22 04:00:00,226.17,229.09,225.41,227.76,42477811.0,488076.0,227.773995
2025-08-25 04:00:00,226.48,229.3,226.23,227.16,30983133.0,426385.0,228.00732
2025-08-26 04:00:00,226.87,229.49,224.69,229.31,54575107.0,405233.0,228.201037
2025-08-27 04:00:00,228.61,230.9,228.26,230.49,31259513.0,387841.0,230.001615
2025-08-28 04:00:00,230.82,233.41,229.335,232.56,38074700.0,423338.0,232.080517
2025-08-29 04:00:00,232.51,233.38,231.37,232.14,39391509.0,428697.0,232.323694
2025-09-02 04:00:00,229.25,230.85,226.97,229.72,44075638.0,598029.0,229.020572
2025-09-03 04:00:00,237.21,238.85,234.36,238.47,66427835.0,898535.0,236.992971
2025-09-04 04:00:00,238.45,239.8999,236.74,239.78,47549429.0,541770.0,238.494545
2025-09-05 04:00:00,239.995,241.32,238.4901,239.69,54848690.0,610605.0,239.673194
2025-09-08 04:00:00,239.3,240.15,236.34,237.88,48999495.0,563611.0,238.196856
2025-09-09 04:00:00,237.0,238.7805,233.36,234.35,66313918.0,757845.0,235.615688
2025-09-10 04:00:00,232.185,232.42,225.95,226.79,83440810.0,1031749.0,227.773239
2025-09-11 04:00:00,226.875,230.45,226.65,230.03,50195174.0,592763.0,229.186016
2025-09-12 04:00:00,229.22,234.51,229.02,234.07,55824216.0,602121.0,233.263743
2025-09-15 04:00:00,237.0,238.19,235.03,236.7,42699524.0,575938.0,236.366102
2025-09-16 04:00:00,237.175,241.22,236.3235,238.15,63421099.0,679032.0,238.882029
2025-09-17 04:00:00,238.97,240.1,237.7301,238.99,46508017.0,509297.0,239.223445
2025-09-18 04:00:00,239.97,241.2,236.65,237.88,44249576.0,517293.0,238.045428
2025-09-19 04:00:00,241.225,246.3,240.2106,245.5,163741314.0,908635.0,244.355209
2025-09-22 04:00:00,248.3,256.64,248.12,256.08,105517416.0,1183543.0,253.949432
2025-09-23 04:00:00,255.875,257.34,253.58,254.43,60275187.0,673983.0,255.189809
2025-09-24 04:00:00,255.22,255.74,251.04,252.31,42303710.0,491242.0,252.271211
2025-09-25 04:00:00,253.205,257.17,251.712,256.87,55202075.0,625867.0,254.78271
2025-09-26 04:00:00,254.095,257.6,253.78,255.46,46076258.0,550704.0,255.515387
2025-09-29 04:00:00,254.56,255.0,253.01,254.43,40127687.0,489835.0,254.01784
2025-09-30 04:00:00,254.855,255.919,253.11,254.63,37704259.0,439294.0,254.552522
2025-10-01 04:00:00,255.04,258.79,254.93,255.45,48713940.0,535581.0,256.024007
2025-10-02 04:00:00,256.575,258.18,254.15,257.13,42630239.0,485229.0,256.906581
2025-10-03 04:00:00,254.665,259.24,253.95,258.02,49155614.0,706052.0,257.943045
2025-10-06 04:00:00,257.99,259.07,255.05,256.69,44664118.0,649161.0,256.913498
2025-10-07 04:00:00,256.805,257.4,255.43,256.48,31955776.0,511382.0,256.418255
2025-10-08 04:00:00,256.52,258.52,256.11,258.06,36496895.0,395556.0,257.816008
2025-10-09 04:00:00,257.805,258.0,253.14,254.04,38322012.0,536585.0,254.546845
2025-10-10 04:00:00,254.94,256.38,244.0,245.27,61999098.0,908253.0,248.52861
2025-10-13 04:00:00,249.38,249.69,245.56,247.66,38142942.0,614923.0,247.885625
2025-10-14 04:00:00,246.6,248.845,244.7,247.77,35477986.0,533528.0,247.379341
2025-10-15 04:00:00,249.485,251.82,247.47,249.34,33893611.0,528880.0,249.637944
2025-10-16 04:00:00,248.25,249.04,245.13,247.45,39776974.0,616258.0,247.367783
2025-10-17 04:00:00,248.02,253.38,247.27,252.29,49146961.0,634830.0,250.730053
2025-10-20 04:00:00,255.885,264.375,255.63,262.24,90483029.0,1160822.0,261.743669
2025-10-21 04:00:00,261.88,265.29,261.83,262.77,46692347.0,714858.0,263.454079
2025-10-22 04:00:00,262.65,262.85,255.43,258.45,45011970.0,687110.0,258.688074
2025-10-23 04:00:00,259.94,260.62,258.0101,259.58,32752139.0,482428.0,259.55946
2025-10-24 04:00:00,261.19,264.13,259.18,262.82,38253517.0,599532.0,262.561732
2025-10-27 04:00:00,264.88,269.12,264.6501,268.81,44888052.0,661981.0,267.017412
2025-10-28 04:00:00,268.985,269.89,268.15,269.0,41534547.0,585457.0,269.003607
2025-10-29 04:00:00,269.275,271.41,267.11,269.7,51086742.0,687375.0,269.541758
2025-10-30 04:00:00,271.99,274.14,268.48,271.4,69886281.0,984732.0,271.298242
2025-10-31 04:00:00,276.99,277.32,269.16,270.37,86167123.0,1013846.0,271.334686
2025-11-03 05:00:00,270.42,270.85,266.25,269.05,50194583.0,731851.0,268.158598
2025-11-04 05:00:00,268.325,271.486,267.615,270.04,49274846.0,713303.0,269.848198
2025-11-05 05:00:00,268.61,271.7,266.93,270.14,43683072.0,588621.0,269.802736
2025-11-06 05:00:00,267.89,273.4,267.89,269.77,51204045.0,718679.0,270.769052
2025-11-07 05:00:00,269.795,272.29,266.77,268.47,48227365.0,754451.0,268.99162
2025-11-10 05:00:00,268.96,273.73,267.455,269.43,41312412.0,675207.0,270.06817
2025-11-11 05:00:00,269.81,275.91,269.8,275.25,46208318.0,702875.0,274.120398
2025-11-12 05:00:00,275.0,275.73,271.7,273.47,48397982.0,591930.0,273.72539
2025-11-13 05:00:00,274.11,276.699,272.09,272.95,49602794.0,684410.0,273.46036
2025-11-14 05:00:00,271.05,275.96,269.6,272.41,47431331.0,705592.0,273.103052
2025-11-17 05:00:00,268.815,270.49,265.73,267.46,45018260.0,705791.0,267.823388
2025-11-18 05:00:00,269.99,270.71,265.32,267.44,45677278.0,706583.0,267.729563
2025-11-19 05:00:00,265.525,272.21,265.5,268.56,40424492.0,626377.0,269.350428
2025-11-20 05:00:00,270.83,275.43,265.92,266.25,45823568.0,756494.0,269.604333
2025-11-21 05:00:00,265.95,273.33,265.67,271.49,59030832.0,794102.0,270.477701
2025-11-24 05:00:00,270.9,277.0,270.9,275.92,65585796.0,755844.0,275.340659
2025-11-25 05:00:00,275.27,280.38,275.25,276.97,46914220.0,667295.0,278.139723
2025-11-26 05:00:00,276.96,279.53,276.63,277.55,33431423.0,538937.0,278.051861
2025-11-28 05:00:00,277.26,279.0,275.9865,278.85,20135620.0,369623.0,277.611028
2025-12-01 05:00:00,278.01,283.42,276.14,283.1,46587722.0,644276.0,280.928412
2025-12-02 05:00:00,283.0,287.4,282.6301,286.19,53669532.0,682387.0,285.620557
2025-12-03 05:00:00,286.2,288.62,283.3,284.15,43538687.0,626171.0,285.633825
2025-12-04 05:00:00,284.095,284.73,278.59,280.7,43989056.0,622885.0,280.733101
2025-12-05 05:00:00,280.54,281.14,278.05,278.78,47265845.0,551753.0,279.205908
2025-12-08 05:00:00,278.13,279.6693,276.15,277.89,38211832.0,604852.0,277.492407
2025-12-09 05:00:00,278.16,280.03,276.92,277.18,32193256.0,509389.0,277.838531
2025-12-10 05:00:00,277.75,279.75,276.44,278.78,33038318.0,517045.0,278.483729
2025-12-11 05:00:00,279.095,279.59,273.81,278.03,33247986.0,578987.0,277.100462
2025-12-12 05:00:00,277.9,279.22,276.82,278.28,39532887.0,597250.0,278.24054
2025-12-15 05:00:00,280.15,280.15,272.84,274.11,50409078.0,723431.0,274.501809
2025-12-16 05:00:00,272.82,275.5,271.79,274.61,37648628.0,569202.0,273.872883
2025-12-17 05:00:00,275.01,276.16,271.64,271.84,50138743.0,624189.0,272.960593
2025-12-18 05:00:00,273.605,273.63,266.95,272.19,51630721.0,658922.0,271.260997
2025-12-19 05:00:00,272.145,274.6,269.9,273.67,144632048.0,690849.0,272.817727
2025-12-22 05:00:00,272.86,273.88,270.505,270.97,36571827.0,613487.0,271.552592
2025-12-23 05:00:00,270.84,272.5,269.56,272.36,29641999.0,494061.0,271.797736
2025-12-24 05:00:00,272.34,275.43,272.195,273.81,17910574.0,344039.0,274.293647
2025-12-26 05:00:00,274.16,275.37,272.86,273.4,21521802.0,427277.0,274.097572
2025-12-29 05:00:00,272.69,274.36,272.35,273.76,23715213.0,478414.0,273.625521
2025-12-30 05:00:00,272.81,274.08,272.28,273.08,22139617.0,431190.0,273.04204
2025-12-31 05:00:00,273.06,273.68,271.75,271.86,27293639.0,421948.0,272.306844
2026-01-02 05:00:00,272.255,277.84,269.0,271.01,37838054.0,642187.0,271.97566
2026-01-05 05:00:00,270.64,271.51,266.14,267.26,45572200.0,752822.0,267.974574
2026-01-06 05:00:00,267.0,267.55,262.12,262.36,52352090.0,783173.0,263.146904
2026-01-07 05:00:00,263.2,263.68,259.81,260.33,48309804.0,732706.0,261.431297
2026-01-08 05:00:00,257.02,259.29,255.7,259.04,50419337.0,764090.0,257.400524
2026-01-09 05:00:00,259.075,260.21,256.22,259.37,39996967.0,649745.0,258.681183
2026-01-12 05:00:00,259.16,261.3,256.8,260.25,45263767.0,664531.0,260.008591
2026-01-13 05:00:00,258.72,261.81,258.39,261.05,45730847.0,602102.0,260.4119
2026-01-14 05:00:00,259.49,261.82,256.71,259.96,40019421.0,612223.0,259.195963
2026-01-15 05:00:00,260.65,261.04,257.05,258.21,39388564.0,601833.0,259.008116
2026-01-16 05:00:00,257.9,258.9,254.93,255.53,72142773.0,661895.0,256.34524
2026-01-20 05:00:00,252.73,254.79,243.42,246.7,80267517.0,1016079.0,248.18664
2026-01-21 05:00:00,248.7,251.56,245.18,247.65,54641725.0,806424.0,247.761893
2026-01-22 05:00:00,249.2,251.0,248.15,248.35,39708340.0,611659.0,249.293046
2026-01-23 05:00:00,247.32,249.41,244.68,248.04,41688982.0,629226.0,247.531759
2026-01-26 05:00:00,251.48,256.56,249.8,255.41,55969234.0,771970.0,254.616271
2026-01-27 05:00:00,259.17,261.95,258.21,258.27,49648271.0,698663.0,259.87687
2026-01-28 05:00:00,257.65,258.855,254.51,256.44,41287971.0,620112.0,256.163807
2026-01-29 05:00:00,258.0,259.65,254.41,258.28,67253009.0,923855.0,257.435337
2026-01-30 05:00:00,255.165,261.8999,252.18,259.48,92443408.0,1003197.0,257.314309
2026-02-02 05:00:00,260.03,270.49,259.205,270.01,73913425.0,916103.0,266.41686
2026-02-03 05:00:00,269.2,271.875,267.61,269.48,64394655.0,806130.0,269.684498
2026-02-04 05:00:00,272.285,278.95,272.285,276.49,90545710.0,1099346.0,276.108776
2026-02-05 05:00:00,278.13,279.5,273.23,275.91,52977441.0,833540.0,275.657966
2026-02-06 05:00:00,277.12,280.905,276.925,278.12,50453414.0,801994.0,278.654438
2026-02-09 05:00:00,277.905,278.2,271.7,274.62,44623396.0,728418.0,273.907223
2026-02-10 05:00:00,274.885,275.37,272.94,273.68,34376898.0,516013.0,273.912411
2026-02-11 05:00:00,274.695,280.18,274.45,275.5,51931283.0,789523.0,277.12546
2026-02-12 05:00:00,275.59,275.72,260.18,261.73,81077229.0,1034376.0,264.353273
2026-02-13 05:00:00,262.01,262.23,255.45,255.78,56290673.0,768655.0,257.894629
2026-02-17 05:00:00,258.05,266.29,255.54,263.88,58469094.0,781752.0,262.293107
2026-02-18 05:00:00,263.6,266.82,262.45,264.35,34203337.0,547326.0,264.62366
2026-02-19 05:00:00,262.6,264.48,260.05,260.58,30845294.0,510022.0,261.777992
2026-02-20 05:00:00,258.97,264.75,258.16,264.58,42070499.0,631324.0,262.687785
2026-02-23 05:00:00,263.49,269.43,263.381,266.18,37485756.0,667289.0,266.560493
2026-02-24 05:00:00,267.86,274.89,267.71,272.14,47170799.0,651152.0,272.551705
2026-02-25 05:00:00,271.78,274.94,271.05,274.23,33872816.0,584207.0,273.764144
2026-02-26 05:00:00,274.945,276.11,270.795,272.95,32503510.0,607281.0,272.73557
2026-02-27 05:00:00,272.81,272.81,262.89,264.18,72529622.0,768081.0,265.602793
2026-03-02 05:00:00,262.41,266.53,260.2,264.72,42020588.0,705079.0,264.48285
2026-03-03 05:00:00,263.48,265.56,260.13,263.75,38686890.0,627107.0,263.132491
2026-03-04 05:00:00,264.65,266.15,261.42,262.52,39959953.0,637658.0,263.290257
2026-03-05 05:00:00,260.79,261.555,257.25,260.29,49818541.0,758529.0,259.702323
2026-03-06 05:00:00,258.63,258.77,254.37,257.46,41273884.0,621156.0,256.978693
2026-03-09 04:00:00,255.69,261.15,253.6805,259.88,38398591.0,690562.0,258.003938
2026-03-10 04:00:00,257.645,262.48,256.95,260.83,30750595.0,571024.0,260.679291
2026-03-11 04:00:00,261.09,262.13,259.55,260.81,26372593.0,493478.0,260.680771
2026-03-12 04:00:00,258.66,258.95,254.18,255.76,40952141.0,664408.0,255.714195
2026-03-13 04:00:00,255.48,256.33,249.52,250.12,37092748.0,664343.0,251.845311
2026-03-16 04:00:00,252.105,253.885,249.88,252.82,32254050.0,614630.0,252.767518
2026-03-17 04:00:00,252.955,255.13,252.18,254.23,32510780.0,482574.0,254.163576
2026-03-18 04:00:00,252.625,254.94,249.0,249.94,35915193.0,566867.0,250.898449
2026-03-19 04:00:00,249.4,251.83,247.3,248.96,35019905.0,609140.0,249.133933
2026-03-20 04:00:00,247.975,249.1999,246.0,247.99,88492140.0,637593.0,248.002564
2026-03-23 04:00:00,253.97,254.6,250.28,251.49,40725811.0,692644.0,251.934488
2026-03-24 04:00:00,250.35,254.825,249.55,251.64,45304131.0,552930.0,252.444218
2026-03-25 04:00:00,254.095,255.0,251.6,252.62,28626412.0,534621.0,253.12745
2026-03-26 04:00:00,252.115,257.0,250.77,252.89,41948926.0,686731.0,254.179043
2026-03-27 04:00:00,253.9,255.493,248.07,248.8,48058120.0,731187.0,251.041752
2026-03-30 04:00:00,250.07,250.87,245.51,246.63,39622901.0,674542.0,246.869425
2026-03-31 04:00:00,247.91,255.48,247.101,253.79,49749647.0,678628.0,252.302046
2026-04-01 04:00:00,254.08,256.18,253.33,255.63,40214210.0,616606.0,255.022473
2026-04-02 04:00:00,254.2,256.13,250.65,255.92,31436918.0,533471.0,254.604641
2026-04-06 04:00:00,256.51,262.16,256.46,258.86,29515075.0,561322.0,259.123609
2026-04-07 04:00:00,256.155,256.2,245.7,253.5,62320464.0,986242.0,250.651942
2026-04-08 04:00:00,258.45,259.7499,256.53,258.9,41185418.0,692208.0,258.267869
2026-04-09 04:00:00,259.0,261.12,256.07,260.49,28265531.0,500536.0,259.446868
2026-04-10 04:00:00,259.98,262.19,259.0231,260.48,31442238.0,514098.0,260.423995
2026-04-13 04:00:00,259.73,260.18,256.66,259.2,36408224.0,578552.0,258.333648
